"Region","Year","Age Range","Mental Health","Measure Type","Variable","Value"
"Connecticut","2009-2010","12-17","Any Mental Illness in the Past Year","Percent","Mental Health",-6666
"Connecticut","2009-2010","12-17","Had at Least One Major Depressive Episode in the Past Year","Percent","Mental Health",-6666
"Connecticut","2009-2010","12-17","Had Serious Thoughts of Suicide in the Past Year","Percent","Mental Health",-6666
"Connecticut","2009-2010","12-17","Serious Mental Illness in the Past Year","Percent","Mental Health",-6666
"Connecticut","2009-2010","18-25","Any Mental Illness in the Past Year","Percent","Mental Health",-6666
"Connecticut","2009-2010","18-25","Had at Least One Major Depressive Episode in the Past Year","Percent","Mental Health",-6666
"Connecticut","2009-2010","18-25","Had Serious Thoughts of Suicide in the Past Year","Percent","Mental Health",-6666
"Connecticut","2009-2010","18-25","Serious Mental Illness in the Past Year","Percent","Mental Health",-6666
"Connecticut","2009-2010","Over 17","Any Mental Illness in the Past Year","Percent","Mental Health","17.63"
"Connecticut","2009-2010","Over 17","Had at Least One Major Depressive Episode in the Past Year","Percent","Mental Health","6.25"
"Connecticut","2009-2010","Over 17","Had Serious Thoughts of Suicide in the Past Year","Percent","Mental Health","3.63"
"Connecticut","2009-2010","Over 17","Serious Mental Illness in the Past Year","Percent","Mental Health","3.73"
"Connecticut","2009-2010","Over 25","Any Mental Illness in the Past Year","Percent","Mental Health",-6666
"Connecticut","2009-2010","Over 25","Had at Least One Major Depressive Episode in the Past Year","Percent","Mental Health",-6666
"Connecticut","2009-2010","Over 25","Had Serious Thoughts of Suicide in the Past Year","Percent","Mental Health",-6666
"Connecticut","2009-2010","Over 25","Serious Mental Illness in the Past Year","Percent","Mental Health",-6666
"Connecticut","2010-2011","12-17","Any Mental Illness in the Past Year","Percent","Mental Health",-6666
"Connecticut","2010-2011","12-17","Had at Least One Major Depressive Episode in the Past Year","Percent","Mental Health","7.78"
"Connecticut","2010-2011","12-17","Had Serious Thoughts of Suicide in the Past Year","Percent","Mental Health",-6666
"Connecticut","2010-2011","12-17","Serious Mental Illness in the Past Year","Percent","Mental Health",-6666
"Connecticut","2010-2011","18-25","Any Mental Illness in the Past Year","Percent","Mental Health","18.05"
"Connecticut","2010-2011","18-25","Had at Least One Major Depressive Episode in the Past Year","Percent","Mental Health","7.93"
"Connecticut","2010-2011","18-25","Had Serious Thoughts of Suicide in the Past Year","Percent","Mental Health","5.98"
"Connecticut","2010-2011","18-25","Serious Mental Illness in the Past Year","Percent","Mental Health","3.55"
"Connecticut","2010-2011","Over 17","Any Mental Illness in the Past Year","Percent","Mental Health","16.58"
"Connecticut","2010-2011","Over 17","Had at Least One Major Depressive Episode in the Past Year","Percent","Mental Health","6.42"
"Connecticut","2010-2011","Over 17","Had Serious Thoughts of Suicide in the Past Year","Percent","Mental Health","3.62"
"Connecticut","2010-2011","Over 17","Serious Mental Illness in the Past Year","Percent","Mental Health","3.46"
"Connecticut","2010-2011","Over 25","Any Mental Illness in the Past Year","Percent","Mental Health","16.36"
"Connecticut","2010-2011","Over 25","Had at Least One Major Depressive Episode in the Past Year","Percent","Mental Health","6.17"
"Connecticut","2010-2011","Over 25","Had Serious Thoughts of Suicide in the Past Year","Percent","Mental Health","3.24"
"Connecticut","2010-2011","Over 25","Serious Mental Illness in the Past Year","Percent","Mental Health","3.44"
"Connecticut","2011-2012","12-17","Any Mental Illness in the Past Year","Percent","Mental Health",-6666
"Connecticut","2011-2012","12-17","Had at Least One Major Depressive Episode in the Past Year","Percent","Mental Health","8.26"
"Connecticut","2011-2012","12-17","Had Serious Thoughts of Suicide in the Past Year","Percent","Mental Health",-6666
"Connecticut","2011-2012","12-17","Serious Mental Illness in the Past Year","Percent","Mental Health",-6666
"Connecticut","2011-2012","18-25","Any Mental Illness in the Past Year","Percent","Mental Health","17.63"
"Connecticut","2011-2012","18-25","Had at Least One Major Depressive Episode in the Past Year","Percent","Mental Health","8.28"
"Connecticut","2011-2012","18-25","Had Serious Thoughts of Suicide in the Past Year","Percent","Mental Health","6.43"
"Connecticut","2011-2012","18-25","Serious Mental Illness in the Past Year","Percent","Mental Health","3.81"
"Connecticut","2011-2012","Over 17","Any Mental Illness in the Past Year","Percent","Mental Health","16.71"
"Connecticut","2011-2012","Over 17","Had at Least One Major Depressive Episode in the Past Year","Percent","Mental Health","6.20"
"Connecticut","2011-2012","Over 17","Had Serious Thoughts of Suicide in the Past Year","Percent","Mental Health","3.66"
"Connecticut","2011-2012","Over 17","Serious Mental Illness in the Past Year","Percent","Mental Health","3.24"
"Connecticut","2011-2012","Over 25","Any Mental Illness in the Past Year","Percent","Mental Health","16.57"
"Connecticut","2011-2012","Over 25","Had at Least One Major Depressive Episode in the Past Year","Percent","Mental Health","5.88"
"Connecticut","2011-2012","Over 25","Had Serious Thoughts of Suicide in the Past Year","Percent","Mental Health","3.22"
"Connecticut","2011-2012","Over 25","Serious Mental Illness in the Past Year","Percent","Mental Health","3.15"
"Connecticut","2012-2013","12-17","Any Mental Illness in the Past Year","Percent","Mental Health",-6666
"Connecticut","2012-2013","12-17","Had at Least One Major Depressive Episode in the Past Year","Percent","Mental Health","9.40"
"Connecticut","2012-2013","12-17","Had Serious Thoughts of Suicide in the Past Year","Percent","Mental Health",-6666
"Connecticut","2012-2013","12-17","Serious Mental Illness in the Past Year","Percent","Mental Health",-6666
"Connecticut","2012-2013","18-25","Any Mental Illness in the Past Year","Percent","Mental Health","18.30"
"Connecticut","2012-2013","18-25","Had at Least One Major Depressive Episode in the Past Year","Percent","Mental Health","8.37"
"Connecticut","2012-2013","18-25","Had Serious Thoughts of Suicide in the Past Year","Percent","Mental Health","6.78"
"Connecticut","2012-2013","18-25","Serious Mental Illness in the Past Year","Percent","Mental Health","4.03"
"Connecticut","2012-2013","Over 17","Any Mental Illness in the Past Year","Percent","Mental Health","17.26"
"Connecticut","2012-2013","Over 17","Had at Least One Major Depressive Episode in the Past Year","Percent","Mental Health","6.28"
"Connecticut","2012-2013","Over 17","Had Serious Thoughts of Suicide in the Past Year","Percent","Mental Health","3.72"
"Connecticut","2012-2013","Over 17","Serious Mental Illness in the Past Year","Percent","Mental Health","3.38"
"Connecticut","2012-2013","Over 25","Any Mental Illness in the Past Year","Percent","Mental Health","17.10"
"Connecticut","2012-2013","Over 25","Had at Least One Major Depressive Episode in the Past Year","Percent","Mental Health","5.95"
"Connecticut","2012-2013","Over 25","Had Serious Thoughts of Suicide in the Past Year","Percent","Mental Health","3.23"
"Connecticut","2012-2013","Over 25","Serious Mental Illness in the Past Year","Percent","Mental Health","3.28"
"Connecticut","2013-2014","12-17","Any Mental Illness in the Past Year","Percent","Mental Health",-6666
"Connecticut","2013-2014","12-17","Had at Least One Major Depressive Episode in the Past Year","Percent","Mental Health","9.70"
"Connecticut","2013-2014","12-17","Had Serious Thoughts of Suicide in the Past Year","Percent","Mental Health",-6666
"Connecticut","2013-2014","12-17","Serious Mental Illness in the Past Year","Percent","Mental Health",-6666
"Connecticut","2013-2014","18-25","Any Mental Illness in the Past Year","Percent","Mental Health","18.01"
"Connecticut","2013-2014","18-25","Had at Least One Major Depressive Episode in the Past Year","Percent","Mental Health","8.40"
"Connecticut","2013-2014","18-25","Had Serious Thoughts of Suicide in the Past Year","Percent","Mental Health","6.85"
"Connecticut","2013-2014","18-25","Serious Mental Illness in the Past Year","Percent","Mental Health","4.48"
"Connecticut","2013-2014","Over 17","Any Mental Illness in the Past Year","Percent","Mental Health","16.44"
"Connecticut","2013-2014","Over 17","Had at Least One Major Depressive Episode in the Past Year","Percent","Mental Health","6.03"
"Connecticut","2013-2014","Over 17","Had Serious Thoughts of Suicide in the Past Year","Percent","Mental Health","3.34"
"Connecticut","2013-2014","Over 17","Serious Mental Illness in the Past Year","Percent","Mental Health","3.53"
"Connecticut","2013-2014","Over 25","Any Mental Illness in the Past Year","Percent","Mental Health","16.19"
"Connecticut","2013-2014","Over 25","Had at Least One Major Depressive Episode in the Past Year","Percent","Mental Health","5.65"
"Connecticut","2013-2014","Over 25","Had Serious Thoughts of Suicide in the Past Year","Percent","Mental Health","2.78"
"Connecticut","2013-2014","Over 25","Serious Mental Illness in the Past Year","Percent","Mental Health","3.37"
"Connecticut","2014-2015","12-17","Any Mental Illness in the Past Year","Percent","Mental Health",-6666
"Connecticut","2014-2015","12-17","Had at Least One Major Depressive Episode in the Past Year","Percent","Mental Health","11.49"
"Connecticut","2014-2015","12-17","Had Serious Thoughts of Suicide in the Past Year","Percent","Mental Health",-6666
"Connecticut","2014-2015","12-17","Serious Mental Illness in the Past Year","Percent","Mental Health",-6666
"Connecticut","2014-2015","18-25","Any Mental Illness in the Past Year","Percent","Mental Health","21.34"
"Connecticut","2014-2015","18-25","Had at Least One Major Depressive Episode in the Past Year","Percent","Mental Health","10.28"
"Connecticut","2014-2015","18-25","Had Serious Thoughts of Suicide in the Past Year","Percent","Mental Health","7.59"
"Connecticut","2014-2015","18-25","Serious Mental Illness in the Past Year","Percent","Mental Health","5.01"
"Connecticut","2014-2015","Over 17","Any Mental Illness in the Past Year","Percent","Mental Health","17.42"
"Connecticut","2014-2015","Over 17","Had at Least One Major Depressive Episode in the Past Year","Percent","Mental Health","6.77"
"Connecticut","2014-2015","Over 17","Had Serious Thoughts of Suicide in the Past Year","Percent","Mental Health","3.49"
"Connecticut","2014-2015","Over 17","Serious Mental Illness in the Past Year","Percent","Mental Health","3.46"
"Connecticut","2014-2015","Over 25","Any Mental Illness in the Past Year","Percent","Mental Health","16.78"
"Connecticut","2014-2015","Over 25","Had at Least One Major Depressive Episode in the Past Year","Percent","Mental Health","6.21"
"Connecticut","2014-2015","Over 25","Had Serious Thoughts of Suicide in the Past Year","Percent","Mental Health","2.82"
"Connecticut","2014-2015","Over 25","Serious Mental Illness in the Past Year","Percent","Mental Health","3.21"
"Connecticut","2015-2016","12-17","Any Mental Illness in the Past Year","Percent","Mental Health",-6666
"Connecticut","2015-2016","12-17","Had at Least One Major Depressive Episode in the Past Year","Percent","Mental Health","12.52"
"Connecticut","2015-2016","12-17","Had Serious Thoughts of Suicide in the Past Year","Percent","Mental Health",-6666
"Connecticut","2015-2016","12-17","Serious Mental Illness in the Past Year","Percent","Mental Health",-6666
"Connecticut","2015-2016","18-25","Any Mental Illness in the Past Year","Percent","Mental Health","23.48"
"Connecticut","2015-2016","18-25","Had at Least One Major Depressive Episode in the Past Year","Percent","Mental Health","11.73"
"Connecticut","2015-2016","18-25","Had Serious Thoughts of Suicide in the Past Year","Percent","Mental Health","8.56"
"Connecticut","2015-2016","18-25","Serious Mental Illness in the Past Year","Percent","Mental Health","5.44"
"Connecticut","2015-2016","Over 17","Any Mental Illness in the Past Year","Percent","Mental Health","18.00"
"Connecticut","2015-2016","Over 17","Had at Least One Major Depressive Episode in the Past Year","Percent","Mental Health","6.84"
"Connecticut","2015-2016","Over 17","Had Serious Thoughts of Suicide in the Past Year","Percent","Mental Health","3.76"
"Connecticut","2015-2016","Over 17","Serious Mental Illness in the Past Year","Percent","Mental Health","3.59"
"Connecticut","2015-2016","Over 25","Any Mental Illness in the Past Year","Percent","Mental Health","17.11"
"Connecticut","2015-2016","Over 25","Had at Least One Major Depressive Episode in the Past Year","Percent","Mental Health","6.05"
"Connecticut","2015-2016","Over 25","Had Serious Thoughts of Suicide in the Past Year","Percent","Mental Health","2.98"
"Connecticut","2015-2016","Over 25","Serious Mental Illness in the Past Year","Percent","Mental Health","3.28"
"Midwestern Region","2009-2010","12-17","Any Mental Illness in the Past Year","Percent","Mental Health",-6666
"Midwestern Region","2009-2010","12-17","Had at Least One Major Depressive Episode in the Past Year","Percent","Mental Health",-6666
"Midwestern Region","2009-2010","12-17","Had Serious Thoughts of Suicide in the Past Year","Percent","Mental Health",-6666
"Midwestern Region","2009-2010","12-17","Serious Mental Illness in the Past Year","Percent","Mental Health",-6666
"Midwestern Region","2009-2010","18-25","Any Mental Illness in the Past Year","Percent","Mental Health",-6666
"Midwestern Region","2009-2010","18-25","Had at Least One Major Depressive Episode in the Past Year","Percent","Mental Health",-6666
"Midwestern Region","2009-2010","18-25","Had Serious Thoughts of Suicide in the Past Year","Percent","Mental Health",-6666
"Midwestern Region","2009-2010","18-25","Serious Mental Illness in the Past Year","Percent","Mental Health",-6666
"Midwestern Region","2009-2010","Over 17","Any Mental Illness in the Past Year","Percent","Mental Health","18.59"
"Midwestern Region","2009-2010","Over 17","Had at Least One Major Depressive Episode in the Past Year","Percent","Mental Health","6.99"
"Midwestern Region","2009-2010","Over 17","Had Serious Thoughts of Suicide in the Past Year","Percent","Mental Health","4.05"
"Midwestern Region","2009-2010","Over 17","Serious Mental Illness in the Past Year","Percent","Mental Health","4.21"
"Midwestern Region","2009-2010","Over 25","Any Mental Illness in the Past Year","Percent","Mental Health",-6666
"Midwestern Region","2009-2010","Over 25","Had at Least One Major Depressive Episode in the Past Year","Percent","Mental Health",-6666
"Midwestern Region","2009-2010","Over 25","Had Serious Thoughts of Suicide in the Past Year","Percent","Mental Health",-6666
"Midwestern Region","2009-2010","Over 25","Serious Mental Illness in the Past Year","Percent","Mental Health",-6666
"Midwestern Region","2010-2011","12-17","Any Mental Illness in the Past Year","Percent","Mental Health",-6666
"Midwestern Region","2010-2011","12-17","Had at Least One Major Depressive Episode in the Past Year","Percent","Mental Health","8.31"
"Midwestern Region","2010-2011","12-17","Had Serious Thoughts of Suicide in the Past Year","Percent","Mental Health",-6666
"Midwestern Region","2010-2011","12-17","Serious Mental Illness in the Past Year","Percent","Mental Health",-6666
"Midwestern Region","2010-2011","18-25","Any Mental Illness in the Past Year","Percent","Mental Health","18.99"
"Midwestern Region","2010-2011","18-25","Had at Least One Major Depressive Episode in the Past Year","Percent","Mental Health","8.65"
"Midwestern Region","2010-2011","18-25","Had Serious Thoughts of Suicide in the Past Year","Percent","Mental Health","6.97"
"Midwestern Region","2010-2011","18-25","Serious Mental Illness in the Past Year","Percent","Mental Health","3.99"
"Midwestern Region","2010-2011","Over 17","Any Mental Illness in the Past Year","Percent","Mental Health","18.44"
"Midwestern Region","2010-2011","Over 17","Had at Least One Major Depressive Episode in the Past Year","Percent","Mental Health","7.02"
"Midwestern Region","2010-2011","Over 17","Had Serious Thoughts of Suicide in the Past Year","Percent","Mental Health","3.99"
"Midwestern Region","2010-2011","Over 17","Serious Mental Illness in the Past Year","Percent","Mental Health","4.27"
"Midwestern Region","2010-2011","Over 25","Any Mental Illness in the Past Year","Percent","Mental Health","18.34"
"Midwestern Region","2010-2011","Over 25","Had at Least One Major Depressive Episode in the Past Year","Percent","Mental Health","6.74"
"Midwestern Region","2010-2011","Over 25","Had Serious Thoughts of Suicide in the Past Year","Percent","Mental Health","3.47"
"Midwestern Region","2010-2011","Over 25","Serious Mental Illness in the Past Year","Percent","Mental Health","4.32"
"Midwestern Region","2011-2012","12-17","Any Mental Illness in the Past Year","Percent","Mental Health",-6666
"Midwestern Region","2011-2012","12-17","Had at Least One Major Depressive Episode in the Past Year","Percent","Mental Health","8.68"
"Midwestern Region","2011-2012","12-17","Had Serious Thoughts of Suicide in the Past Year","Percent","Mental Health",-6666
"Midwestern Region","2011-2012","12-17","Serious Mental Illness in the Past Year","Percent","Mental Health",-6666
"Midwestern Region","2011-2012","18-25","Any Mental Illness in the Past Year","Percent","Mental Health","19.59"
"Midwestern Region","2011-2012","18-25","Had at Least One Major Depressive Episode in the Past Year","Percent","Mental Health","9.08"
"Midwestern Region","2011-2012","18-25","Had Serious Thoughts of Suicide in the Past Year","Percent","Mental Health","7.35"
"Midwestern Region","2011-2012","18-25","Serious Mental Illness in the Past Year","Percent","Mental Health","4.29"
"Midwestern Region","2011-2012","Over 17","Any Mental Illness in the Past Year","Percent","Mental Health","18.36"
"Midwestern Region","2011-2012","Over 17","Had at Least One Major Depressive Episode in the Past Year","Percent","Mental Health","6.82"
"Midwestern Region","2011-2012","Over 17","Had Serious Thoughts of Suicide in the Past Year","Percent","Mental Health","3.91"
"Midwestern Region","2011-2012","Over 17","Serious Mental Illness in the Past Year","Percent","Mental Health","4.15"
"Midwestern Region","2011-2012","Over 25","Any Mental Illness in the Past Year","Percent","Mental Health","18.15"
"Midwestern Region","2011-2012","Over 25","Had at Least One Major Depressive Episode in the Past Year","Percent","Mental Health","6.44"
"Midwestern Region","2011-2012","Over 25","Had Serious Thoughts of Suicide in the Past Year","Percent","Mental Health","3.33"
"Midwestern Region","2011-2012","Over 25","Serious Mental Illness in the Past Year","Percent","Mental Health","4.13"
"Midwestern Region","2012-2013","12-17","Any Mental Illness in the Past Year","Percent","Mental Health",-6666
"Midwestern Region","2012-2013","12-17","Had at Least One Major Depressive Episode in the Past Year","Percent","Mental Health","9.74"
"Midwestern Region","2012-2013","12-17","Had Serious Thoughts of Suicide in the Past Year","Percent","Mental Health",-6666
"Midwestern Region","2012-2013","12-17","Serious Mental Illness in the Past Year","Percent","Mental Health",-6666
"Midwestern Region","2012-2013","18-25","Any Mental Illness in the Past Year","Percent","Mental Health","19.86"
"Midwestern Region","2012-2013","18-25","Had at Least One Major Depressive Episode in the Past Year","Percent","Mental Health","9.15"
"Midwestern Region","2012-2013","18-25","Had Serious Thoughts of Suicide in the Past Year","Percent","Mental Health","7.68"
"Midwestern Region","2012-2013","18-25","Serious Mental Illness in the Past Year","Percent","Mental Health","4.60"
"Midwestern Region","2012-2013","Over 17","Any Mental Illness in the Past Year","Percent","Mental Health","18.57"
"Midwestern Region","2012-2013","Over 17","Had at Least One Major Depressive Episode in the Past Year","Percent","Mental Health","6.85"
"Midwestern Region","2012-2013","Over 17","Had Serious Thoughts of Suicide in the Past Year","Percent","Mental Health","3.98"
"Midwestern Region","2012-2013","Over 17","Serious Mental Illness in the Past Year","Percent","Mental Health","4.27"
"Midwestern Region","2012-2013","Over 25","Any Mental Illness in the Past Year","Percent","Mental Health","18.35"
"Midwestern Region","2012-2013","Over 25","Had at Least One Major Depressive Episode in the Past Year","Percent","Mental Health","6.46"
"Midwestern Region","2012-2013","Over 25","Had Serious Thoughts of Suicide in the Past Year","Percent","Mental Health","3.36"
"Midwestern Region","2012-2013","Over 25","Serious Mental Illness in the Past Year","Percent","Mental Health","4.21"
"Midwestern Region","2013-2014","12-17","Any Mental Illness in the Past Year","Percent","Mental Health",-6666
"Midwestern Region","2013-2014","12-17","Had at Least One Major Depressive Episode in the Past Year","Percent","Mental Health","10.81"
"Midwestern Region","2013-2014","12-17","Had Serious Thoughts of Suicide in the Past Year","Percent","Mental Health",-6666
"Midwestern Region","2013-2014","12-17","Serious Mental Illness in the Past Year","Percent","Mental Health",-6666
"Midwestern Region","2013-2014","18-25","Any Mental Illness in the Past Year","Percent","Mental Health","20.45"
"Midwestern Region","2013-2014","18-25","Had at Least One Major Depressive Episode in the Past Year","Percent","Mental Health","9.39"
"Midwestern Region","2013-2014","18-25","Had Serious Thoughts of Suicide in the Past Year","Percent","Mental Health","7.83"
"Midwestern Region","2013-2014","18-25","Serious Mental Illness in the Past Year","Percent","Mental Health","4.93"
"Midwestern Region","2013-2014","Over 17","Any Mental Illness in the Past Year","Percent","Mental Health","18.61"
"Midwestern Region","2013-2014","Over 17","Had at Least One Major Depressive Episode in the Past Year","Percent","Mental Health","6.81"
"Midwestern Region","2013-2014","Over 17","Had Serious Thoughts of Suicide in the Past Year","Percent","Mental Health","4.11"
"Midwestern Region","2013-2014","Over 17","Serious Mental Illness in the Past Year","Percent","Mental Health","4.45"
"Midwestern Region","2013-2014","Over 25","Any Mental Illness in the Past Year","Percent","Mental Health","18.29"
"Midwestern Region","2013-2014","Over 25","Had at Least One Major Depressive Episode in the Past Year","Percent","Mental Health","6.38"
"Midwestern Region","2013-2014","Over 25","Had Serious Thoughts of Suicide in the Past Year","Percent","Mental Health","3.48"
"Midwestern Region","2013-2014","Over 25","Serious Mental Illness in the Past Year","Percent","Mental Health","4.37"
"Midwestern Region","2014-2015","12-17","Any Mental Illness in the Past Year","Percent","Mental Health",-6666
"Midwestern Region","2014-2015","12-17","Had at Least One Major Depressive Episode in the Past Year","Percent","Mental Health","12.12"
"Midwestern Region","2014-2015","12-17","Had Serious Thoughts of Suicide in the Past Year","Percent","Mental Health",-6666
"Midwestern Region","2014-2015","12-17","Serious Mental Illness in the Past Year","Percent","Mental Health",-6666
"Midwestern Region","2014-2015","18-25","Any Mental Illness in the Past Year","Percent","Mental Health","21.43"
"Midwestern Region","2014-2015","18-25","Had at Least One Major Depressive Episode in the Past Year","Percent","Mental Health","10.23"
"Midwestern Region","2014-2015","18-25","Had Serious Thoughts of Suicide in the Past Year","Percent","Mental Health","8.08"
"Midwestern Region","2014-2015","18-25","Serious Mental Illness in the Past Year","Percent","Mental Health","5.33"
"Midwestern Region","2014-2015","Over 17","Any Mental Illness in the Past Year","Percent","Mental Health","18.34"
"Midwestern Region","2014-2015","Over 17","Had at Least One Major Depressive Episode in the Past Year","Percent","Mental Health","6.87"
"Midwestern Region","2014-2015","Over 17","Had Serious Thoughts of Suicide in the Past Year","Percent","Mental Health","4.14"
"Midwestern Region","2014-2015","Over 17","Serious Mental Illness in the Past Year","Percent","Mental Health","4.36"
"Midwestern Region","2014-2015","Over 25","Any Mental Illness in the Past Year","Percent","Mental Health","17.81"
"Midwestern Region","2014-2015","Over 25","Had at Least One Major Depressive Episode in the Past Year","Percent","Mental Health","6.31"
"Midwestern Region","2014-2015","Over 25","Had Serious Thoughts of Suicide in the Past Year","Percent","Mental Health","3.48"
"Midwestern Region","2014-2015","Over 25","Serious Mental Illness in the Past Year","Percent","Mental Health","4.19"
"Midwestern Region","2015-2016","12-17","Any Mental Illness in the Past Year","Percent","Mental Health",-6666
"Midwestern Region","2015-2016","12-17","Had at Least One Major Depressive Episode in the Past Year","Percent","Mental Health","13.53"
"Midwestern Region","2015-2016","12-17","Had Serious Thoughts of Suicide in the Past Year","Percent","Mental Health",-6666
"Midwestern Region","2015-2016","12-17","Serious Mental Illness in the Past Year","Percent","Mental Health",-6666
"Midwestern Region","2015-2016","18-25","Any Mental Illness in the Past Year","Percent","Mental Health","22.25"
"Midwestern Region","2015-2016","18-25","Had at Least One Major Depressive Episode in the Past Year","Percent","Mental Health","11.01"
"Midwestern Region","2015-2016","18-25","Had Serious Thoughts of Suicide in the Past Year","Percent","Mental Health","8.66"
"Midwestern Region","2015-2016","18-25","Serious Mental Illness in the Past Year","Percent","Mental Health","5.94"
"Midwestern Region","2015-2016","Over 17","Any Mental Illness in the Past Year","Percent","Mental Health","18.01"
"Midwestern Region","2015-2016","Over 17","Had at Least One Major Depressive Episode in the Past Year","Percent","Mental Health","6.89"
"Midwestern Region","2015-2016","Over 17","Had Serious Thoughts of Suicide in the Past Year","Percent","Mental Health","4.14"
"Midwestern Region","2015-2016","Over 17","Serious Mental Illness in the Past Year","Percent","Mental Health","4.37"
"Midwestern Region","2015-2016","Over 25","Any Mental Illness in the Past Year","Percent","Mental Health","17.30"
"Midwestern Region","2015-2016","Over 25","Had at Least One Major Depressive Episode in the Past Year","Percent","Mental Health","6.20"
"Midwestern Region","2015-2016","Over 25","Had Serious Thoughts of Suicide in the Past Year","Percent","Mental Health","3.38"
"Midwestern Region","2015-2016","Over 25","Serious Mental Illness in the Past Year","Percent","Mental Health","4.11"
"Northeastern Region","2009-2010","12-17","Any Mental Illness in the Past Year","Percent","Mental Health",-6666
"Northeastern Region","2009-2010","12-17","Had at Least One Major Depressive Episode in the Past Year","Percent","Mental Health",-6666
"Northeastern Region","2009-2010","12-17","Had Serious Thoughts of Suicide in the Past Year","Percent","Mental Health",-6666
"Northeastern Region","2009-2010","12-17","Serious Mental Illness in the Past Year","Percent","Mental Health",-6666
"Northeastern Region","2009-2010","18-25","Any Mental Illness in the Past Year","Percent","Mental Health",-6666
"Northeastern Region","2009-2010","18-25","Had at Least One Major Depressive Episode in the Past Year","Percent","Mental Health",-6666
"Northeastern Region","2009-2010","18-25","Had Serious Thoughts of Suicide in the Past Year","Percent","Mental Health",-6666
"Northeastern Region","2009-2010","18-25","Serious Mental Illness in the Past Year","Percent","Mental Health",-6666
"Northeastern Region","2009-2010","Over 17","Any Mental Illness in the Past Year","Percent","Mental Health","18.36"
"Northeastern Region","2009-2010","Over 17","Had at Least One Major Depressive Episode in the Past Year","Percent","Mental Health","6.68"
"Northeastern Region","2009-2010","Over 17","Had Serious Thoughts of Suicide in the Past Year","Percent","Mental Health","3.82"
"Northeastern Region","2009-2010","Over 17","Serious Mental Illness in the Past Year","Percent","Mental Health","3.74"
"Northeastern Region","2009-2010","Over 25","Any Mental Illness in the Past Year","Percent","Mental Health",-6666
"Northeastern Region","2009-2010","Over 25","Had at Least One Major Depressive Episode in the Past Year","Percent","Mental Health",-6666
"Northeastern Region","2009-2010","Over 25","Had Serious Thoughts of Suicide in the Past Year","Percent","Mental Health",-6666
"Northeastern Region","2009-2010","Over 25","Serious Mental Illness in the Past Year","Percent","Mental Health",-6666
"Northeastern Region","2010-2011","12-17","Any Mental Illness in the Past Year","Percent","Mental Health",-6666
"Northeastern Region","2010-2011","12-17","Had at Least One Major Depressive Episode in the Past Year","Percent","Mental Health","7.85"
"Northeastern Region","2010-2011","12-17","Had Serious Thoughts of Suicide in the Past Year","Percent","Mental Health",-6666
"Northeastern Region","2010-2011","12-17","Serious Mental Illness in the Past Year","Percent","Mental Health",-6666
"Northeastern Region","2010-2011","18-25","Any Mental Illness in the Past Year","Percent","Mental Health","18.37"
"Northeastern Region","2010-2011","18-25","Had at Least One Major Depressive Episode in the Past Year","Percent","Mental Health","8.28"
"Northeastern Region","2010-2011","18-25","Had Serious Thoughts of Suicide in the Past Year","Percent","Mental Health","6.81"
"Northeastern Region","2010-2011","18-25","Serious Mental Illness in the Past Year","Percent","Mental Health","3.87"
"Northeastern Region","2010-2011","Over 17","Any Mental Illness in the Past Year","Percent","Mental Health","17.75"
"Northeastern Region","2010-2011","Over 17","Had at Least One Major Depressive Episode in the Past Year","Percent","Mental Health","6.60"
"Northeastern Region","2010-2011","Over 17","Had Serious Thoughts of Suicide in the Past Year","Percent","Mental Health","3.82"
"Northeastern Region","2010-2011","Over 17","Serious Mental Illness in the Past Year","Percent","Mental Health","3.68"
"Northeastern Region","2010-2011","Over 25","Any Mental Illness in the Past Year","Percent","Mental Health","17.65"
"Northeastern Region","2010-2011","Over 25","Had at Least One Major Depressive Episode in the Past Year","Percent","Mental Health","6.32"
"Northeastern Region","2010-2011","Over 25","Had Serious Thoughts of Suicide in the Past Year","Percent","Mental Health","3.32"
"Northeastern Region","2010-2011","Over 25","Serious Mental Illness in the Past Year","Percent","Mental Health","3.65"
"Northeastern Region","2011-2012","12-17","Any Mental Illness in the Past Year","Percent","Mental Health",-6666
"Northeastern Region","2011-2012","12-17","Had at Least One Major Depressive Episode in the Past Year","Percent","Mental Health","7.96"
"Northeastern Region","2011-2012","12-17","Had Serious Thoughts of Suicide in the Past Year","Percent","Mental Health",-6666
"Northeastern Region","2011-2012","12-17","Serious Mental Illness in the Past Year","Percent","Mental Health",-6666
"Northeastern Region","2011-2012","18-25","Any Mental Illness in the Past Year","Percent","Mental Health","18.97"
"Northeastern Region","2011-2012","18-25","Had at Least One Major Depressive Episode in the Past Year","Percent","Mental Health","8.27"
"Northeastern Region","2011-2012","18-25","Had Serious Thoughts of Suicide in the Past Year","Percent","Mental Health","7.01"
"Northeastern Region","2011-2012","18-25","Serious Mental Illness in the Past Year","Percent","Mental Health","3.90"
"Northeastern Region","2011-2012","Over 17","Any Mental Illness in the Past Year","Percent","Mental Health","17.63"
"Northeastern Region","2011-2012","Over 17","Had at Least One Major Depressive Episode in the Past Year","Percent","Mental Health","6.35"
"Northeastern Region","2011-2012","Over 17","Had Serious Thoughts of Suicide in the Past Year","Percent","Mental Health","3.77"
"Northeastern Region","2011-2012","Over 17","Serious Mental Illness in the Past Year","Percent","Mental Health","3.67"
"Northeastern Region","2011-2012","Over 25","Any Mental Illness in the Past Year","Percent","Mental Health","17.40"
"Northeastern Region","2011-2012","Over 25","Had at Least One Major Depressive Episode in the Past Year","Percent","Mental Health","6.03"
"Northeastern Region","2011-2012","Over 25","Had Serious Thoughts of Suicide in the Past Year","Percent","Mental Health","3.23"
"Northeastern Region","2011-2012","Over 25","Serious Mental Illness in the Past Year","Percent","Mental Health","3.62"
"Northeastern Region","2012-2013","12-17","Any Mental Illness in the Past Year","Percent","Mental Health",-6666
"Northeastern Region","2012-2013","12-17","Had at Least One Major Depressive Episode in the Past Year","Percent","Mental Health","9.16"
"Northeastern Region","2012-2013","12-17","Had Serious Thoughts of Suicide in the Past Year","Percent","Mental Health",-6666
"Northeastern Region","2012-2013","12-17","Serious Mental Illness in the Past Year","Percent","Mental Health",-6666
"Northeastern Region","2012-2013","18-25","Any Mental Illness in the Past Year","Percent","Mental Health","19.89"
"Northeastern Region","2012-2013","18-25","Had at Least One Major Depressive Episode in the Past Year","Percent","Mental Health","8.62"
"Northeastern Region","2012-2013","18-25","Had Serious Thoughts of Suicide in the Past Year","Percent","Mental Health","7.31"
"Northeastern Region","2012-2013","18-25","Serious Mental Illness in the Past Year","Percent","Mental Health","4.17"
"Northeastern Region","2012-2013","Over 17","Any Mental Illness in the Past Year","Percent","Mental Health","18.13"
"Northeastern Region","2012-2013","Over 17","Had at Least One Major Depressive Episode in the Past Year","Percent","Mental Health","6.51"
"Northeastern Region","2012-2013","Over 17","Had Serious Thoughts of Suicide in the Past Year","Percent","Mental Health","3.84"
"Northeastern Region","2012-2013","Over 17","Serious Mental Illness in the Past Year","Percent","Mental Health","3.86"
"Northeastern Region","2012-2013","Over 25","Any Mental Illness in the Past Year","Percent","Mental Health","17.84"
"Northeastern Region","2012-2013","Over 25","Had at Least One Major Depressive Episode in the Past Year","Percent","Mental Health","6.16"
"Northeastern Region","2012-2013","Over 25","Had Serious Thoughts of Suicide in the Past Year","Percent","Mental Health","3.26"
"Northeastern Region","2012-2013","Over 25","Serious Mental Illness in the Past Year","Percent","Mental Health","3.80"
"Northeastern Region","2013-2014","12-17","Any Mental Illness in the Past Year","Percent","Mental Health",-6666
"Northeastern Region","2013-2014","12-17","Had at Least One Major Depressive Episode in the Past Year","Percent","Mental Health","10.63"
"Northeastern Region","2013-2014","12-17","Had Serious Thoughts of Suicide in the Past Year","Percent","Mental Health",-6666
"Northeastern Region","2013-2014","12-17","Serious Mental Illness in the Past Year","Percent","Mental Health",-6666
"Northeastern Region","2013-2014","18-25","Any Mental Illness in the Past Year","Percent","Mental Health","20.80"
"Northeastern Region","2013-2014","18-25","Had at Least One Major Depressive Episode in the Past Year","Percent","Mental Health","9.61"
"Northeastern Region","2013-2014","18-25","Had Serious Thoughts of Suicide in the Past Year","Percent","Mental Health","7.60"
"Northeastern Region","2013-2014","18-25","Serious Mental Illness in the Past Year","Percent","Mental Health","4.67"
"Northeastern Region","2013-2014","Over 17","Any Mental Illness in the Past Year","Percent","Mental Health","17.87"
"Northeastern Region","2013-2014","Over 17","Had at Least One Major Depressive Episode in the Past Year","Percent","Mental Health","6.66"
"Northeastern Region","2013-2014","Over 17","Had Serious Thoughts of Suicide in the Past Year","Percent","Mental Health","3.81"
"Northeastern Region","2013-2014","Over 17","Serious Mental Illness in the Past Year","Percent","Mental Health","3.93"
"Northeastern Region","2013-2014","Over 25","Any Mental Illness in the Past Year","Percent","Mental Health","17.39"
"Northeastern Region","2013-2014","Over 25","Had at Least One Major Depressive Episode in the Past Year","Percent","Mental Health","6.18"
"Northeastern Region","2013-2014","Over 25","Had Serious Thoughts of Suicide in the Past Year","Percent","Mental Health","3.19"
"Northeastern Region","2013-2014","Over 25","Serious Mental Illness in the Past Year","Percent","Mental Health","3.80"
"Northeastern Region","2014-2015","12-17","Any Mental Illness in the Past Year","Percent","Mental Health",-6666
"Northeastern Region","2014-2015","12-17","Had at Least One Major Depressive Episode in the Past Year","Percent","Mental Health","11.68"
"Northeastern Region","2014-2015","12-17","Had Serious Thoughts of Suicide in the Past Year","Percent","Mental Health",-6666
"Northeastern Region","2014-2015","12-17","Serious Mental Illness in the Past Year","Percent","Mental Health",-6666
"Northeastern Region","2014-2015","18-25","Any Mental Illness in the Past Year","Percent","Mental Health","22.00"
"Northeastern Region","2014-2015","18-25","Had at Least One Major Depressive Episode in the Past Year","Percent","Mental Health","10.56"
"Northeastern Region","2014-2015","18-25","Had Serious Thoughts of Suicide in the Past Year","Percent","Mental Health","8.15"
"Northeastern Region","2014-2015","18-25","Serious Mental Illness in the Past Year","Percent","Mental Health","5.15"
"Northeastern Region","2014-2015","Over 17","Any Mental Illness in the Past Year","Percent","Mental Health","17.76"
"Northeastern Region","2014-2015","Over 17","Had at Least One Major Depressive Episode in the Past Year","Percent","Mental Health","6.82"
"Northeastern Region","2014-2015","Over 17","Had Serious Thoughts of Suicide in the Past Year","Percent","Mental Health","3.93"
"Northeastern Region","2014-2015","Over 17","Serious Mental Illness in the Past Year","Percent","Mental Health","3.94"
"Northeastern Region","2014-2015","Over 25","Any Mental Illness in the Past Year","Percent","Mental Health","17.07"
"Northeastern Region","2014-2015","Over 25","Had at Least One Major Depressive Episode in the Past Year","Percent","Mental Health","6.21"
"Northeastern Region","2014-2015","Over 25","Had Serious Thoughts of Suicide in the Past Year","Percent","Mental Health","3.24"
"Northeastern Region","2014-2015","Over 25","Serious Mental Illness in the Past Year","Percent","Mental Health","3.74"
"Northeastern Region","2015-2016","12-17","Any Mental Illness in the Past Year","Percent","Mental Health",-6666
"Northeastern Region","2015-2016","12-17","Had at Least One Major Depressive Episode in the Past Year","Percent","Mental Health","12.13"
"Northeastern Region","2015-2016","12-17","Had Serious Thoughts of Suicide in the Past Year","Percent","Mental Health",-6666
"Northeastern Region","2015-2016","12-17","Serious Mental Illness in the Past Year","Percent","Mental Health",-6666
"Northeastern Region","2015-2016","18-25","Any Mental Illness in the Past Year","Percent","Mental Health","22.58"
"Northeastern Region","2015-2016","18-25","Had at Least One Major Depressive Episode in the Past Year","Percent","Mental Health","11.08"
"Northeastern Region","2015-2016","18-25","Had Serious Thoughts of Suicide in the Past Year","Percent","Mental Health","8.81"
"Northeastern Region","2015-2016","18-25","Serious Mental Illness in the Past Year","Percent","Mental Health","5.56"
"Northeastern Region","2015-2016","Over 17","Any Mental Illness in the Past Year","Percent","Mental Health","17.86"
"Northeastern Region","2015-2016","Over 17","Had at Least One Major Depressive Episode in the Past Year","Percent","Mental Health","6.80"
"Northeastern Region","2015-2016","Over 17","Had Serious Thoughts of Suicide in the Past Year","Percent","Mental Health","4.03"
"Northeastern Region","2015-2016","Over 17","Serious Mental Illness in the Past Year","Percent","Mental Health","4.07"
"Northeastern Region","2015-2016","Over 25","Any Mental Illness in the Past Year","Percent","Mental Health","17.10"
"Northeastern Region","2015-2016","Over 25","Had at Least One Major Depressive Episode in the Past Year","Percent","Mental Health","6.11"
"Northeastern Region","2015-2016","Over 25","Had Serious Thoughts of Suicide in the Past Year","Percent","Mental Health","3.26"
"Northeastern Region","2015-2016","Over 25","Serious Mental Illness in the Past Year","Percent","Mental Health","3.83"
"Southern Region","2009-2010","12-17","Any Mental Illness in the Past Year","Percent","Mental Health",-6666
"Southern Region","2009-2010","12-17","Had at Least One Major Depressive Episode in the Past Year","Percent","Mental Health",-6666
"Southern Region","2009-2010","12-17","Had Serious Thoughts of Suicide in the Past Year","Percent","Mental Health",-6666
"Southern Region","2009-2010","12-17","Serious Mental Illness in the Past Year","Percent","Mental Health",-6666
"Southern Region","2009-2010","18-25","Any Mental Illness in the Past Year","Percent","Mental Health",-6666
"Southern Region","2009-2010","18-25","Had at Least One Major Depressive Episode in the Past Year","Percent","Mental Health",-6666
"Southern Region","2009-2010","18-25","Had Serious Thoughts of Suicide in the Past Year","Percent","Mental Health",-6666
"Southern Region","2009-2010","18-25","Serious Mental Illness in the Past Year","Percent","Mental Health",-6666
"Southern Region","2009-2010","Over 17","Any Mental Illness in the Past Year","Percent","Mental Health","17.53"
"Southern Region","2009-2010","Over 17","Had at Least One Major Depressive Episode in the Past Year","Percent","Mental Health","6.59"
"Southern Region","2009-2010","Over 17","Had Serious Thoughts of Suicide in the Past Year","Percent","Mental Health","3.53"
"Southern Region","2009-2010","Over 17","Serious Mental Illness in the Past Year","Percent","Mental Health","3.78"
"Southern Region","2009-2010","Over 25","Any Mental Illness in the Past Year","Percent","Mental Health",-6666
"Southern Region","2009-2010","Over 25","Had at Least One Major Depressive Episode in the Past Year","Percent","Mental Health",-6666
"Southern Region","2009-2010","Over 25","Had Serious Thoughts of Suicide in the Past Year","Percent","Mental Health",-6666
"Southern Region","2009-2010","Over 25","Serious Mental Illness in the Past Year","Percent","Mental Health",-6666
"Southern Region","2010-2011","12-17","Any Mental Illness in the Past Year","Percent","Mental Health",-6666
"Southern Region","2010-2011","12-17","Had at Least One Major Depressive Episode in the Past Year","Percent","Mental Health","8.03"
"Southern Region","2010-2011","12-17","Had Serious Thoughts of Suicide in the Past Year","Percent","Mental Health",-6666
"Southern Region","2010-2011","12-17","Serious Mental Illness in the Past Year","Percent","Mental Health",-6666
"Southern Region","2010-2011","18-25","Any Mental Illness in the Past Year","Percent","Mental Health","17.27"
"Southern Region","2010-2011","18-25","Had at Least One Major Depressive Episode in the Past Year","Percent","Mental Health","7.91"
"Southern Region","2010-2011","18-25","Had Serious Thoughts of Suicide in the Past Year","Percent","Mental Health","6.52"
"Southern Region","2010-2011","18-25","Serious Mental Illness in the Past Year","Percent","Mental Health","3.71"
"Southern Region","2010-2011","Over 17","Any Mental Illness in the Past Year","Percent","Mental Health","17.62"
"Southern Region","2010-2011","Over 17","Had at Least One Major Depressive Episode in the Past Year","Percent","Mental Health","6.58"
"Southern Region","2010-2011","Over 17","Had Serious Thoughts of Suicide in the Past Year","Percent","Mental Health","3.57"
"Southern Region","2010-2011","Over 17","Serious Mental Illness in the Past Year","Percent","Mental Health","3.86"
"Southern Region","2010-2011","Over 25","Any Mental Illness in the Past Year","Percent","Mental Health","17.69"
"Southern Region","2010-2011","Over 25","Had at Least One Major Depressive Episode in the Past Year","Percent","Mental Health","6.35"
"Southern Region","2010-2011","Over 25","Had Serious Thoughts of Suicide in the Past Year","Percent","Mental Health","3.06"
"Southern Region","2010-2011","Over 25","Serious Mental Illness in the Past Year","Percent","Mental Health","3.89"
"Southern Region","2011-2012","12-17","Any Mental Illness in the Past Year","Percent","Mental Health",-6666
"Southern Region","2011-2012","12-17","Had at Least One Major Depressive Episode in the Past Year","Percent","Mental Health","8.51"
"Southern Region","2011-2012","12-17","Had Serious Thoughts of Suicide in the Past Year","Percent","Mental Health",-6666
"Southern Region","2011-2012","12-17","Serious Mental Illness in the Past Year","Percent","Mental Health",-6666
"Southern Region","2011-2012","18-25","Any Mental Illness in the Past Year","Percent","Mental Health","17.77"
"Southern Region","2011-2012","18-25","Had at Least One Major Depressive Episode in the Past Year","Percent","Mental Health","8.01"
"Southern Region","2011-2012","18-25","Had Serious Thoughts of Suicide in the Past Year","Percent","Mental Health","6.67"
"Southern Region","2011-2012","18-25","Serious Mental Illness in the Past Year","Percent","Mental Health","3.74"
"Southern Region","2011-2012","Over 17","Any Mental Illness in the Past Year","Percent","Mental Health","18.16"
"Southern Region","2011-2012","Over 17","Had at Least One Major Depressive Episode in the Past Year","Percent","Mental Health","6.74"
"Southern Region","2011-2012","Over 17","Had Serious Thoughts of Suicide in the Past Year","Percent","Mental Health","3.65"
"Southern Region","2011-2012","Over 17","Serious Mental Illness in the Past Year","Percent","Mental Health","3.96"
"Southern Region","2011-2012","Over 25","Any Mental Illness in the Past Year","Percent","Mental Health","18.22"
"Southern Region","2011-2012","Over 25","Had at Least One Major Depressive Episode in the Past Year","Percent","Mental Health","6.52"
"Southern Region","2011-2012","Over 25","Had Serious Thoughts of Suicide in the Past Year","Percent","Mental Health","3.14"
"Southern Region","2011-2012","Over 25","Serious Mental Illness in the Past Year","Percent","Mental Health","4.00"
"Southern Region","2012-2013","12-17","Any Mental Illness in the Past Year","Percent","Mental Health",-6666
"Southern Region","2012-2013","12-17","Had at Least One Major Depressive Episode in the Past Year","Percent","Mental Health","9.77"
"Southern Region","2012-2013","12-17","Had Serious Thoughts of Suicide in the Past Year","Percent","Mental Health",-6666
"Southern Region","2012-2013","12-17","Serious Mental Illness in the Past Year","Percent","Mental Health",-6666
"Southern Region","2012-2013","18-25","Any Mental Illness in the Past Year","Percent","Mental Health","18.08"
"Southern Region","2012-2013","18-25","Had at Least One Major Depressive Episode in the Past Year","Percent","Mental Health","8.30"
"Southern Region","2012-2013","18-25","Had Serious Thoughts of Suicide in the Past Year","Percent","Mental Health","6.78"
"Southern Region","2012-2013","18-25","Serious Mental Illness in the Past Year","Percent","Mental Health","3.86"
"Southern Region","2012-2013","Over 17","Any Mental Illness in the Past Year","Percent","Mental Health","18.42"
"Southern Region","2012-2013","Over 17","Had at Least One Major Depressive Episode in the Past Year","Percent","Mental Health","6.77"
"Southern Region","2012-2013","Over 17","Had Serious Thoughts of Suicide in the Past Year","Percent","Mental Health","3.81"
"Southern Region","2012-2013","Over 17","Serious Mental Illness in the Past Year","Percent","Mental Health","4.20"
"Southern Region","2012-2013","Over 25","Any Mental Illness in the Past Year","Percent","Mental Health","18.48"
"Southern Region","2012-2013","Over 25","Had at Least One Major Depressive Episode in the Past Year","Percent","Mental Health","6.51"
"Southern Region","2012-2013","Over 25","Had Serious Thoughts of Suicide in the Past Year","Percent","Mental Health","3.30"
"Southern Region","2012-2013","Over 25","Serious Mental Illness in the Past Year","Percent","Mental Health","4.26"
"Southern Region","2013-2014","12-17","Any Mental Illness in the Past Year","Percent","Mental Health",-6666
"Southern Region","2013-2014","12-17","Had at Least One Major Depressive Episode in the Past Year","Percent","Mental Health","10.77"
"Southern Region","2013-2014","12-17","Had Serious Thoughts of Suicide in the Past Year","Percent","Mental Health",-6666
"Southern Region","2013-2014","12-17","Serious Mental Illness in the Past Year","Percent","Mental Health",-6666
"Southern Region","2013-2014","18-25","Any Mental Illness in the Past Year","Percent","Mental Health","18.22"
"Southern Region","2013-2014","18-25","Had at Least One Major Depressive Episode in the Past Year","Percent","Mental Health","8.31"
"Southern Region","2013-2014","18-25","Had Serious Thoughts of Suicide in the Past Year","Percent","Mental Health","6.89"
"Southern Region","2013-2014","18-25","Serious Mental Illness in the Past Year","Percent","Mental Health","4.18"
"Southern Region","2013-2014","Over 17","Any Mental Illness in the Past Year","Percent","Mental Health","18.01"
"Southern Region","2013-2014","Over 17","Had at Least One Major Depressive Episode in the Past Year","Percent","Mental Health","6.47"
"Southern Region","2013-2014","Over 17","Had Serious Thoughts of Suicide in the Past Year","Percent","Mental Health","3.84"
"Southern Region","2013-2014","Over 17","Serious Mental Illness in the Past Year","Percent","Mental Health","4.17"
"Southern Region","2013-2014","Over 25","Any Mental Illness in the Past Year","Percent","Mental Health","17.97"
"Southern Region","2013-2014","Over 25","Had at Least One Major Depressive Episode in the Past Year","Percent","Mental Health","6.16"
"Southern Region","2013-2014","Over 25","Had Serious Thoughts of Suicide in the Past Year","Percent","Mental Health","3.33"
"Southern Region","2013-2014","Over 25","Serious Mental Illness in the Past Year","Percent","Mental Health","4.17"
"Southern Region","2014-2015","12-17","Any Mental Illness in the Past Year","Percent","Mental Health",-6666
"Southern Region","2014-2015","12-17","Had at Least One Major Depressive Episode in the Past Year","Percent","Mental Health","11.51"
"Southern Region","2014-2015","12-17","Had Serious Thoughts of Suicide in the Past Year","Percent","Mental Health",-6666
"Southern Region","2014-2015","12-17","Serious Mental Illness in the Past Year","Percent","Mental Health",-6666
"Southern Region","2014-2015","18-25","Any Mental Illness in the Past Year","Percent","Mental Health","19.31"
"Southern Region","2014-2015","18-25","Had at Least One Major Depressive Episode in the Past Year","Percent","Mental Health","9.09"
"Southern Region","2014-2015","18-25","Had Serious Thoughts of Suicide in the Past Year","Percent","Mental Health","7.40"
"Southern Region","2014-2015","18-25","Serious Mental Illness in the Past Year","Percent","Mental Health","4.54"
"Southern Region","2014-2015","Over 17","Any Mental Illness in the Past Year","Percent","Mental Health","17.82"
"Southern Region","2014-2015","Over 17","Had at Least One Major Depressive Episode in the Past Year","Percent","Mental Health","6.52"
"Southern Region","2014-2015","Over 17","Had Serious Thoughts of Suicide in the Past Year","Percent","Mental Health","3.86"
"Southern Region","2014-2015","Over 17","Serious Mental Illness in the Past Year","Percent","Mental Health","4.00"
"Southern Region","2014-2015","Over 25","Any Mental Illness in the Past Year","Percent","Mental Health","17.57"
"Southern Region","2014-2015","Over 25","Had at Least One Major Depressive Episode in the Past Year","Percent","Mental Health","6.09"
"Southern Region","2014-2015","Over 25","Had Serious Thoughts of Suicide in the Past Year","Percent","Mental Health","3.27"
"Southern Region","2014-2015","Over 25","Serious Mental Illness in the Past Year","Percent","Mental Health","3.91"
"Southern Region","2015-2016","12-17","Any Mental Illness in the Past Year","Percent","Mental Health",-6666
"Southern Region","2015-2016","12-17","Had at Least One Major Depressive Episode in the Past Year","Percent","Mental Health","11.90"
"Southern Region","2015-2016","12-17","Had Serious Thoughts of Suicide in the Past Year","Percent","Mental Health",-6666
"Southern Region","2015-2016","12-17","Serious Mental Illness in the Past Year","Percent","Mental Health",-6666
"Southern Region","2015-2016","18-25","Any Mental Illness in the Past Year","Percent","Mental Health","20.50"
"Southern Region","2015-2016","18-25","Had at Least One Major Depressive Episode in the Past Year","Percent","Mental Health","9.91"
"Southern Region","2015-2016","18-25","Had Serious Thoughts of Suicide in the Past Year","Percent","Mental Health","8.06"
"Southern Region","2015-2016","18-25","Serious Mental Illness in the Past Year","Percent","Mental Health","5.03"
"Southern Region","2015-2016","Over 17","Any Mental Illness in the Past Year","Percent","Mental Health","17.95"
"Southern Region","2015-2016","Over 17","Had at Least One Major Depressive Episode in the Past Year","Percent","Mental Health","6.60"
"Southern Region","2015-2016","Over 17","Had Serious Thoughts of Suicide in the Past Year","Percent","Mental Health","3.84"
"Southern Region","2015-2016","Over 17","Serious Mental Illness in the Past Year","Percent","Mental Health","4.05"
"Southern Region","2015-2016","Over 25","Any Mental Illness in the Past Year","Percent","Mental Health","17.53"
"Southern Region","2015-2016","Over 25","Had at Least One Major Depressive Episode in the Past Year","Percent","Mental Health","6.05"
"Southern Region","2015-2016","Over 25","Had Serious Thoughts of Suicide in the Past Year","Percent","Mental Health","3.15"
"Southern Region","2015-2016","Over 25","Serious Mental Illness in the Past Year","Percent","Mental Health","3.89"
"United States","2009-2010","12-17","Any Mental Illness in the Past Year","Percent","Mental Health",-6666
"United States","2009-2010","12-17","Had at Least One Major Depressive Episode in the Past Year","Percent","Mental Health",-6666
"United States","2009-2010","12-17","Had Serious Thoughts of Suicide in the Past Year","Percent","Mental Health",-6666
"United States","2009-2010","12-17","Serious Mental Illness in the Past Year","Percent","Mental Health",-6666
"United States","2009-2010","18-25","Any Mental Illness in the Past Year","Percent","Mental Health",-6666
"United States","2009-2010","18-25","Had at Least One Major Depressive Episode in the Past Year","Percent","Mental Health",-6666
"United States","2009-2010","18-25","Had Serious Thoughts of Suicide in the Past Year","Percent","Mental Health",-6666
"United States","2009-2010","18-25","Serious Mental Illness in the Past Year","Percent","Mental Health",-6666
"United States","2009-2010","Over 17","Any Mental Illness in the Past Year","Percent","Mental Health","18.10"
"United States","2009-2010","Over 17","Had at Least One Major Depressive Episode in the Past Year","Percent","Mental Health","6.70"
"United States","2009-2010","Over 17","Had Serious Thoughts of Suicide in the Past Year","Percent","Mental Health","3.78"
"United States","2009-2010","Over 17","Serious Mental Illness in the Past Year","Percent","Mental Health","3.88"
"United States","2009-2010","Over 25","Any Mental Illness in the Past Year","Percent","Mental Health",-6666
"United States","2009-2010","Over 25","Had at Least One Major Depressive Episode in the Past Year","Percent","Mental Health",-6666
"United States","2009-2010","Over 25","Had Serious Thoughts of Suicide in the Past Year","Percent","Mental Health",-6666
"United States","2009-2010","Over 25","Serious Mental Illness in the Past Year","Percent","Mental Health",-6666
"United States","2010-2011","12-17","Any Mental Illness in the Past Year","Percent","Mental Health",-6666
"United States","2010-2011","12-17","Had at Least One Major Depressive Episode in the Past Year","Percent","Mental Health","8.15"
"United States","2010-2011","12-17","Had Serious Thoughts of Suicide in the Past Year","Percent","Mental Health",-6666
"United States","2010-2011","12-17","Serious Mental Illness in the Past Year","Percent","Mental Health",-6666
"United States","2010-2011","18-25","Any Mental Illness in the Past Year","Percent","Mental Health","18.33"
"United States","2010-2011","18-25","Had at Least One Major Depressive Episode in the Past Year","Percent","Mental Health","8.29"
"United States","2010-2011","18-25","Had Serious Thoughts of Suicide in the Past Year","Percent","Mental Health","6.74"
"United States","2010-2011","18-25","Serious Mental Illness in the Past Year","Percent","Mental Health","3.86"
"United States","2010-2011","Over 17","Any Mental Illness in the Past Year","Percent","Mental Health","17.90"
"United States","2010-2011","Over 17","Had at Least One Major Depressive Episode in the Past Year","Percent","Mental Health","6.70"
"United States","2010-2011","Over 17","Had Serious Thoughts of Suicide in the Past Year","Percent","Mental Health","3.75"
"United States","2010-2011","Over 17","Serious Mental Illness in the Past Year","Percent","Mental Health","3.95"
"United States","2010-2011","Over 25","Any Mental Illness in the Past Year","Percent","Mental Health","17.83"
"United States","2010-2011","Over 25","Had at Least One Major Depressive Episode in the Past Year","Percent","Mental Health","6.42"
"United States","2010-2011","Over 25","Had Serious Thoughts of Suicide in the Past Year","Percent","Mental Health","3.23"
"United States","2010-2011","Over 25","Serious Mental Illness in the Past Year","Percent","Mental Health","3.96"
"United States","2011-2012","12-17","Any Mental Illness in the Past Year","Percent","Mental Health",-6666
"United States","2011-2012","12-17","Had at Least One Major Depressive Episode in the Past Year","Percent","Mental Health","8.66"
"United States","2011-2012","12-17","Had Serious Thoughts of Suicide in the Past Year","Percent","Mental Health",-6666
"United States","2011-2012","12-17","Serious Mental Illness in the Past Year","Percent","Mental Health",-6666
"United States","2011-2012","18-25","Any Mental Illness in the Past Year","Percent","Mental Health","19.06"
"United States","2011-2012","18-25","Had at Least One Major Depressive Episode in the Past Year","Percent","Mental Health","8.61"
"United States","2011-2012","18-25","Had Serious Thoughts of Suicide in the Past Year","Percent","Mental Health","7.03"
"United States","2011-2012","18-25","Serious Mental Illness in the Past Year","Percent","Mental Health","3.95"
"United States","2011-2012","Over 17","Any Mental Illness in the Past Year","Percent","Mental Health","18.19"
"United States","2011-2012","Over 17","Had at Least One Major Depressive Episode in the Past Year","Percent","Mental Health","6.72"
"United States","2011-2012","Over 17","Had Serious Thoughts of Suicide in the Past Year","Percent","Mental Health","3.77"
"United States","2011-2012","Over 17","Serious Mental Illness in the Past Year","Percent","Mental Health","3.97"
"United States","2011-2012","Over 25","Any Mental Illness in the Past Year","Percent","Mental Health","18.04"
"United States","2011-2012","Over 25","Had at Least One Major Depressive Episode in the Past Year","Percent","Mental Health","6.39"
"United States","2011-2012","Over 25","Had Serious Thoughts of Suicide in the Past Year","Percent","Mental Health","3.21"
"United States","2011-2012","Over 25","Serious Mental Illness in the Past Year","Percent","Mental Health","3.98"
"United States","2012-2013","12-17","Any Mental Illness in the Past Year","Percent","Mental Health",-6666
"United States","2012-2013","12-17","Had at Least One Major Depressive Episode in the Past Year","Percent","Mental Health","9.86"
"United States","2012-2013","12-17","Had Serious Thoughts of Suicide in the Past Year","Percent","Mental Health",-6666
"United States","2012-2013","12-17","Serious Mental Illness in the Past Year","Percent","Mental Health",-6666
"United States","2012-2013","18-25","Any Mental Illness in the Past Year","Percent","Mental Health","19.50"
"United States","2012-2013","18-25","Had at Least One Major Depressive Episode in the Past Year","Percent","Mental Health","8.81"
"United States","2012-2013","18-25","Had Serious Thoughts of Suicide in the Past Year","Percent","Mental Health","7.33"
"United States","2012-2013","18-25","Serious Mental Illness in the Past Year","Percent","Mental Health","4.17"
"United States","2012-2013","Over 17","Any Mental Illness in the Past Year","Percent","Mental Health","18.53"
"United States","2012-2013","Over 17","Had at Least One Major Depressive Episode in the Past Year","Percent","Mental Health","6.77"
"United States","2012-2013","Over 17","Had Serious Thoughts of Suicide in the Past Year","Percent","Mental Health","3.89"
"United States","2012-2013","Over 17","Serious Mental Illness in the Past Year","Percent","Mental Health","4.14"
"United States","2012-2013","Over 25","Any Mental Illness in the Past Year","Percent","Mental Health","18.36"
"United States","2012-2013","Over 25","Had at Least One Major Depressive Episode in the Past Year","Percent","Mental Health","6.41"
"United States","2012-2013","Over 25","Had Serious Thoughts of Suicide in the Past Year","Percent","Mental Health","3.30"
"United States","2012-2013","Over 25","Serious Mental Illness in the Past Year","Percent","Mental Health","4.14"
"United States","2013-2014","12-17","Any Mental Illness in the Past Year","Percent","Mental Health",-6666
"United States","2013-2014","12-17","Had at Least One Major Depressive Episode in the Past Year","Percent","Mental Health","11.01"
"United States","2013-2014","12-17","Had Serious Thoughts of Suicide in the Past Year","Percent","Mental Health",-6666
"United States","2013-2014","12-17","Serious Mental Illness in the Past Year","Percent","Mental Health",-6666
"United States","2013-2014","18-25","Any Mental Illness in the Past Year","Percent","Mental Health","19.75"
"United States","2013-2014","18-25","Had at Least One Major Depressive Episode in the Past Year","Percent","Mental Health","9.00"
"United States","2013-2014","18-25","Had Serious Thoughts of Suicide in the Past Year","Percent","Mental Health","7.44"
"United States","2013-2014","18-25","Serious Mental Illness in the Past Year","Percent","Mental Health","4.52"
"United States","2013-2014","Over 17","Any Mental Illness in the Past Year","Percent","Mental Health","18.29"
"United States","2013-2014","Over 17","Had at Least One Major Depressive Episode in the Past Year","Percent","Mental Health","6.63"
"United States","2013-2014","Over 17","Had Serious Thoughts of Suicide in the Past Year","Percent","Mental Health","3.94"
"United States","2013-2014","Over 17","Serious Mental Illness in the Past Year","Percent","Mental Health","4.15"
"United States","2013-2014","Over 25","Any Mental Illness in the Past Year","Percent","Mental Health","18.05"
"United States","2013-2014","Over 25","Had at Least One Major Depressive Episode in the Past Year","Percent","Mental Health","6.22"
"United States","2013-2014","Over 25","Had Serious Thoughts of Suicide in the Past Year","Percent","Mental Health","3.34"
"United States","2013-2014","Over 25","Serious Mental Illness in the Past Year","Percent","Mental Health","4.09"
"United States","2014-2015","12-17","Any Mental Illness in the Past Year","Percent","Mental Health",-6666
"United States","2014-2015","12-17","Had at Least One Major Depressive Episode in the Past Year","Percent","Mental Health","11.93"
"United States","2014-2015","12-17","Had Serious Thoughts of Suicide in the Past Year","Percent","Mental Health",-6666
"United States","2014-2015","12-17","Serious Mental Illness in the Past Year","Percent","Mental Health",-6666
"United States","2014-2015","18-25","Any Mental Illness in the Past Year","Percent","Mental Health","20.89"
"United States","2014-2015","18-25","Had at Least One Major Depressive Episode in the Past Year","Percent","Mental Health","9.79"
"United States","2014-2015","18-25","Had Serious Thoughts of Suicide in the Past Year","Percent","Mental Health","7.88"
"United States","2014-2015","18-25","Serious Mental Illness in the Past Year","Percent","Mental Health","4.92"
"United States","2014-2015","Over 17","Any Mental Illness in the Past Year","Percent","Mental Health","18.01"
"United States","2014-2015","Over 17","Had at Least One Major Depressive Episode in the Past Year","Percent","Mental Health","6.64"
"United States","2014-2015","Over 17","Had Serious Thoughts of Suicide in the Past Year","Percent","Mental Health","3.99"
"United States","2014-2015","Over 17","Serious Mental Illness in the Past Year","Percent","Mental Health","4.05"
"United States","2014-2015","Over 25","Any Mental Illness in the Past Year","Percent","Mental Health","17.52"
"United States","2014-2015","Over 25","Had at Least One Major Depressive Episode in the Past Year","Percent","Mental Health","6.11"
"United States","2014-2015","Over 25","Had Serious Thoughts of Suicide in the Past Year","Percent","Mental Health","3.34"
"United States","2014-2015","Over 25","Serious Mental Illness in the Past Year","Percent","Mental Health","3.91"
"United States","2015-2016","12-17","Any Mental Illness in the Past Year","Percent","Mental Health",-6666
"United States","2015-2016","12-17","Had at Least One Major Depressive Episode in the Past Year","Percent","Mental Health","12.63"
"United States","2015-2016","12-17","Had Serious Thoughts of Suicide in the Past Year","Percent","Mental Health",-6666
"United States","2015-2016","12-17","Serious Mental Illness in the Past Year","Percent","Mental Health",-6666
"United States","2015-2016","18-25","Any Mental Illness in the Past Year","Percent","Mental Health","21.89"
"United States","2015-2016","18-25","Had at Least One Major Depressive Episode in the Past Year","Percent","Mental Health","10.59"
"United States","2015-2016","18-25","Had Serious Thoughts of Suicide in the Past Year","Percent","Mental Health","8.57"
"United States","2015-2016","18-25","Serious Mental Illness in the Past Year","Percent","Mental Health","5.46"
"United States","2015-2016","Over 17","Any Mental Illness in the Past Year","Percent","Mental Health","18.07"
"United States","2015-2016","Over 17","Had at Least One Major Depressive Episode in the Past Year","Percent","Mental Health","6.70"
"United States","2015-2016","Over 17","Had Serious Thoughts of Suicide in the Past Year","Percent","Mental Health","4.04"
"United States","2015-2016","Over 17","Serious Mental Illness in the Past Year","Percent","Mental Health","4.13"
"United States","2015-2016","Over 25","Any Mental Illness in the Past Year","Percent","Mental Health","17.44"
"United States","2015-2016","Over 25","Had at Least One Major Depressive Episode in the Past Year","Percent","Mental Health","6.06"
"United States","2015-2016","Over 25","Had Serious Thoughts of Suicide in the Past Year","Percent","Mental Health","3.30"
"United States","2015-2016","Over 25","Serious Mental Illness in the Past Year","Percent","Mental Health","3.91"
"Western Region","2009-2010","12-17","Any Mental Illness in the Past Year","Percent","Mental Health",-6666
"Western Region","2009-2010","12-17","Had at Least One Major Depressive Episode in the Past Year","Percent","Mental Health",-6666
"Western Region","2009-2010","12-17","Had Serious Thoughts of Suicide in the Past Year","Percent","Mental Health",-6666
"Western Region","2009-2010","12-17","Serious Mental Illness in the Past Year","Percent","Mental Health",-6666
"Western Region","2009-2010","18-25","Any Mental Illness in the Past Year","Percent","Mental Health",-6666
"Western Region","2009-2010","18-25","Had at Least One Major Depressive Episode in the Past Year","Percent","Mental Health",-6666
"Western Region","2009-2010","18-25","Had Serious Thoughts of Suicide in the Past Year","Percent","Mental Health",-6666
"Western Region","2009-2010","18-25","Serious Mental Illness in the Past Year","Percent","Mental Health",-6666
"Western Region","2009-2010","Over 17","Any Mental Illness in the Past Year","Percent","Mental Health","18.32"
"Western Region","2009-2010","Over 17","Had at Least One Major Depressive Episode in the Past Year","Percent","Mental Health","6.63"
"Western Region","2009-2010","Over 17","Had Serious Thoughts of Suicide in the Past Year","Percent","Mental Health","3.88"
"Western Region","2009-2010","Over 17","Serious Mental Illness in the Past Year","Percent","Mental Health","3.84"
"Western Region","2009-2010","Over 25","Any Mental Illness in the Past Year","Percent","Mental Health",-6666
"Western Region","2009-2010","Over 25","Had at Least One Major Depressive Episode in the Past Year","Percent","Mental Health",-6666
"Western Region","2009-2010","Over 25","Had Serious Thoughts of Suicide in the Past Year","Percent","Mental Health",-6666
"Western Region","2009-2010","Over 25","Serious Mental Illness in the Past Year","Percent","Mental Health",-6666
"Western Region","2010-2011","12-17","Any Mental Illness in the Past Year","Percent","Mental Health",-6666
"Western Region","2010-2011","12-17","Had at Least One Major Depressive Episode in the Past Year","Percent","Mental Health","8.40"
"Western Region","2010-2011","12-17","Had Serious Thoughts of Suicide in the Past Year","Percent","Mental Health",-6666
"Western Region","2010-2011","12-17","Serious Mental Illness in the Past Year","Percent","Mental Health",-6666
"Western Region","2010-2011","18-25","Any Mental Illness in the Past Year","Percent","Mental Health","19.34"
"Western Region","2010-2011","18-25","Had at Least One Major Depressive Episode in the Past Year","Percent","Mental Health","8.56"
"Western Region","2010-2011","18-25","Had Serious Thoughts of Suicide in the Past Year","Percent","Mental Health","6.81"
"Western Region","2010-2011","18-25","Serious Mental Illness in the Past Year","Percent","Mental Health","3.95"
"Western Region","2010-2011","Over 17","Any Mental Illness in the Past Year","Percent","Mental Health","17.97"
"Western Region","2010-2011","Over 17","Had at Least One Major Depressive Episode in the Past Year","Percent","Mental Health","6.65"
"Western Region","2010-2011","Over 17","Had Serious Thoughts of Suicide in the Past Year","Percent","Mental Health","3.76"
"Western Region","2010-2011","Over 17","Serious Mental Illness in the Past Year","Percent","Mental Health","3.99"
"Western Region","2010-2011","Over 25","Any Mental Illness in the Past Year","Percent","Mental Health","17.72"
"Western Region","2010-2011","Over 25","Had at Least One Major Depressive Episode in the Past Year","Percent","Mental Health","6.31"
"Western Region","2010-2011","Over 25","Had Serious Thoughts of Suicide in the Past Year","Percent","Mental Health","3.21"
"Western Region","2010-2011","Over 25","Serious Mental Illness in the Past Year","Percent","Mental Health","4.00"
"Western Region","2011-2012","12-17","Any Mental Illness in the Past Year","Percent","Mental Health",-6666
"Western Region","2011-2012","12-17","Had at Least One Major Depressive Episode in the Past Year","Percent","Mental Health","9.37"
"Western Region","2011-2012","12-17","Had Serious Thoughts of Suicide in the Past Year","Percent","Mental Health",-6666
"Western Region","2011-2012","12-17","Serious Mental Illness in the Past Year","Percent","Mental Health",-6666
"Western Region","2011-2012","18-25","Any Mental Illness in the Past Year","Percent","Mental Health","20.63"
"Western Region","2011-2012","18-25","Had at Least One Major Depressive Episode in the Past Year","Percent","Mental Health","9.36"
"Western Region","2011-2012","18-25","Had Serious Thoughts of Suicide in the Past Year","Percent","Mental Health","7.32"
"Western Region","2011-2012","18-25","Serious Mental Illness in the Past Year","Percent","Mental Health","3.99"
"Western Region","2011-2012","Over 17","Any Mental Illness in the Past Year","Percent","Mental Health","18.54"
"Western Region","2011-2012","Over 17","Had at Least One Major Depressive Episode in the Past Year","Percent","Mental Health","6.89"
"Western Region","2011-2012","Over 17","Had Serious Thoughts of Suicide in the Past Year","Percent","Mental Health","3.82"
"Western Region","2011-2012","Over 17","Serious Mental Illness in the Past Year","Percent","Mental Health","4.07"
"Western Region","2011-2012","Over 25","Any Mental Illness in the Past Year","Percent","Mental Health","18.17"
"Western Region","2011-2012","Over 25","Had at Least One Major Depressive Episode in the Past Year","Percent","Mental Health","6.45"
"Western Region","2011-2012","Over 25","Had Serious Thoughts of Suicide in the Past Year","Percent","Mental Health","3.19"
"Western Region","2011-2012","Over 25","Serious Mental Illness in the Past Year","Percent","Mental Health","4.08"
"Western Region","2012-2013","12-17","Any Mental Illness in the Past Year","Percent","Mental Health",-6666
"Western Region","2012-2013","12-17","Had at Least One Major Depressive Episode in the Past Year","Percent","Mental Health","10.61"
"Western Region","2012-2013","12-17","Had Serious Thoughts of Suicide in the Past Year","Percent","Mental Health",-6666
"Western Region","2012-2013","12-17","Serious Mental Illness in the Past Year","Percent","Mental Health",-6666
"Western Region","2012-2013","18-25","Any Mental Illness in the Past Year","Percent","Mental Health","21.07"
"Western Region","2012-2013","18-25","Had at Least One Major Depressive Episode in the Past Year","Percent","Mental Health","9.45"
"Western Region","2012-2013","18-25","Had Serious Thoughts of Suicide in the Past Year","Percent","Mental Health","7.88"
"Western Region","2012-2013","18-25","Serious Mental Illness in the Past Year","Percent","Mental Health","4.25"
"Western Region","2012-2013","Over 17","Any Mental Illness in the Past Year","Percent","Mental Health","18.96"
"Western Region","2012-2013","Over 17","Had at Least One Major Depressive Episode in the Past Year","Percent","Mental Health","6.89"
"Western Region","2012-2013","Over 17","Had Serious Thoughts of Suicide in the Past Year","Percent","Mental Health","3.97"
"Western Region","2012-2013","Over 17","Serious Mental Illness in the Past Year","Percent","Mental Health","4.16"
"Western Region","2012-2013","Over 25","Any Mental Illness in the Past Year","Percent","Mental Health","18.58"
"Western Region","2012-2013","Over 25","Had at Least One Major Depressive Episode in the Past Year","Percent","Mental Health","6.43"
"Western Region","2012-2013","Over 25","Had Serious Thoughts of Suicide in the Past Year","Percent","Mental Health","3.27"
"Western Region","2012-2013","Over 25","Serious Mental Illness in the Past Year","Percent","Mental Health","4.15"
"Western Region","2013-2014","12-17","Any Mental Illness in the Past Year","Percent","Mental Health",-6666
"Western Region","2013-2014","12-17","Had at Least One Major Depressive Episode in the Past Year","Percent","Mental Health","11.82"
"Western Region","2013-2014","12-17","Had Serious Thoughts of Suicide in the Past Year","Percent","Mental Health",-6666
"Western Region","2013-2014","12-17","Serious Mental Illness in the Past Year","Percent","Mental Health",-6666
"Western Region","2013-2014","18-25","Any Mental Illness in the Past Year","Percent","Mental Health","20.70"
"Western Region","2013-2014","18-25","Had at Least One Major Depressive Episode in the Past Year","Percent","Mental Health","9.30"
"Western Region","2013-2014","18-25","Had Serious Thoughts of Suicide in the Past Year","Percent","Mental Health","7.84"
"Western Region","2013-2014","18-25","Serious Mental Illness in the Past Year","Percent","Mental Health","4.56"
"Western Region","2013-2014","Over 17","Any Mental Illness in the Past Year","Percent","Mental Health","18.79"
"Western Region","2013-2014","Over 17","Had at Least One Major Depressive Episode in the Past Year","Percent","Mental Health","6.67"
"Western Region","2013-2014","Over 17","Had Serious Thoughts of Suicide in the Past Year","Percent","Mental Health","4.02"
"Western Region","2013-2014","Over 17","Serious Mental Illness in the Past Year","Percent","Mental Health","4.02"
"Western Region","2013-2014","Over 25","Any Mental Illness in the Past Year","Percent","Mental Health","18.46"
"Western Region","2013-2014","Over 25","Had at Least One Major Depressive Episode in the Past Year","Percent","Mental Health","6.20"
"Western Region","2013-2014","Over 25","Had Serious Thoughts of Suicide in the Past Year","Percent","Mental Health","3.35"
"Western Region","2013-2014","Over 25","Serious Mental Illness in the Past Year","Percent","Mental Health","3.93"
"Western Region","2014-2015","12-17","Any Mental Illness in the Past Year","Percent","Mental Health",-6666
"Western Region","2014-2015","12-17","Had at Least One Major Depressive Episode in the Past Year","Percent","Mental Health","12.59"
"Western Region","2014-2015","12-17","Had Serious Thoughts of Suicide in the Past Year","Percent","Mental Health",-6666
"Western Region","2014-2015","12-17","Serious Mental Illness in the Past Year","Percent","Mental Health",-6666
"Western Region","2014-2015","18-25","Any Mental Illness in the Past Year","Percent","Mental Health","22.03"
"Western Region","2014-2015","18-25","Had at Least One Major Depressive Episode in the Past Year","Percent","Mental Health","9.94"
"Western Region","2014-2015","18-25","Had Serious Thoughts of Suicide in the Past Year","Percent","Mental Health","8.25"
"Western Region","2014-2015","18-25","Serious Mental Illness in the Past Year","Percent","Mental Health","4.98"
"Western Region","2014-2015","Over 17","Any Mental Illness in the Past Year","Percent","Mental Health","18.18"
"Western Region","2014-2015","Over 17","Had at Least One Major Depressive Episode in the Past Year","Percent","Mental Health","6.47"
"Western Region","2014-2015","Over 17","Had Serious Thoughts of Suicide in the Past Year","Percent","Mental Health","4.12"
"Western Region","2014-2015","Over 17","Serious Mental Illness in the Past Year","Percent","Mental Health","3.96"
"Western Region","2014-2015","Over 25","Any Mental Illness in the Past Year","Percent","Mental Health","17.51"
"Western Region","2014-2015","Over 25","Had at Least One Major Depressive Episode in the Past Year","Percent","Mental Health","5.87"
"Western Region","2014-2015","Over 25","Had Serious Thoughts of Suicide in the Past Year","Percent","Mental Health","3.41"
"Western Region","2014-2015","Over 25","Serious Mental Illness in the Past Year","Percent","Mental Health","3.78"
"Western Region","2015-2016","12-17","Any Mental Illness in the Past Year","Percent","Mental Health",-6666
"Western Region","2015-2016","12-17","Had at Least One Major Depressive Episode in the Past Year","Percent","Mental Health","13.32"
"Western Region","2015-2016","12-17","Had Serious Thoughts of Suicide in the Past Year","Percent","Mental Health",-6666
"Western Region","2015-2016","12-17","Serious Mental Illness in the Past Year","Percent","Mental Health",-6666
"Western Region","2015-2016","18-25","Any Mental Illness in the Past Year","Percent","Mental Health","23.21"
"Western Region","2015-2016","18-25","Had at Least One Major Depressive Episode in the Past Year","Percent","Mental Health","10.89"
"Western Region","2015-2016","18-25","Had Serious Thoughts of Suicide in the Past Year","Percent","Mental Health","9.09"
"Western Region","2015-2016","18-25","Serious Mental Illness in the Past Year","Percent","Mental Health","5.62"
"Western Region","2015-2016","Over 17","Any Mental Illness in the Past Year","Percent","Mental Health","18.48"
"Western Region","2015-2016","Over 17","Had at Least One Major Depressive Episode in the Past Year","Percent","Mental Health","6.61"
"Western Region","2015-2016","Over 17","Had Serious Thoughts of Suicide in the Past Year","Percent","Mental Health","4.30"
"Western Region","2015-2016","Over 17","Serious Mental Illness in the Past Year","Percent","Mental Health","4.09"
"Western Region","2015-2016","Over 25","Any Mental Illness in the Past Year","Percent","Mental Health","17.67"
"Western Region","2015-2016","Over 25","Had at Least One Major Depressive Episode in the Past Year","Percent","Mental Health","5.88"
"Western Region","2015-2016","Over 25","Had Serious Thoughts of Suicide in the Past Year","Percent","Mental Health","3.48"
"Western Region","2015-2016","Over 25","Serious Mental Illness in the Past Year","Percent","Mental Health","3.82"
