ID Race,Race,ID Year,Year,Household Income by Race,Household Income by Race Moe,Geography,ID Geography,Slug Geography
4,"Asian",2018,"2018",41140,22033,"Whatcom County, WA","05000US53073","whatcom-county-wa"
9,"Hispanic",2018,"2018",47914,5381,"Yakima County, WA","05000US53077","yakima-county-wa"
9,"Hispanic",2018,"2018",33280,5815,"Whatcom County, WA","05000US53073","whatcom-county-wa"
9,"Hispanic",2018,"2018",51937,14995,"Thurston County, WA","05000US53067","thurston-county-wa"
9,"Hispanic",2018,"2018",48801,13437,"Spokane County, WA","05000US53063","spokane-county-wa"
0,"Total",2018,"2018",68115,6558,"Benton County, WA","05000US53005","benton-county-wa"
9,"Hispanic",2018,"2018",81239,13506.999999999998,"Snohomish County, WA","05000US53061","snohomish-county-wa"
9,"Hispanic",2018,"2018",70801,19700,"Skagit County, WA","05000US53057","skagit-county-wa"
9,"Hispanic",2018,"2018",61418,6745.999999999999,"Pierce County, WA","05000US53053","pierce-county-wa"
9,"Hispanic",2018,"2018",30123,6392,"Mason County, WA","05000US53045","mason-county-wa"
9,"Hispanic",2018,"2018",64500,39038,"Lewis County, WA","05000US53041","lewis-county-wa"
0,"Total",2018,"2018",57132,5313,"Chelan County, WA","05000US53007","chelan-county-wa"
9,"Hispanic",2018,"2018",70842,16325,"Kitsap County, WA","05000US53035","kitsap-county-wa"
9,"Hispanic",2018,"2018",66853,3830.0000000000005,"King County, WA","05000US53033","king-county-wa"
9,"Hispanic",2018,"2018",55169,10538,"Island County, WA","05000US53029","island-county-wa"
9,"Hispanic",2018,"2018",40153,34410,"Grays Harbor County, WA","05000US53027","grays-harbor-county-wa"
9,"Hispanic",2018,"2018",45690,6522,"Grant County, WA","05000US53025","grant-county-wa"
0,"Total",2018,"2018",59001,5412,"Clallam County, WA","05000US53009","clallam-county-wa"
9,"Hispanic",2018,"2018",49152,10382,"Franklin County, WA","05000US53021","franklin-county-wa"
9,"Hispanic",2018,"2018",36285,11766,"Cowlitz County, WA","05000US53015","cowlitz-county-wa"
9,"Hispanic",2018,"2018",57602,9608,"Clark County, WA","05000US53011","clark-county-wa"
9,"Hispanic",2018,"2018",34198,23105,"Clallam County, WA","05000US53009","clallam-county-wa"
9,"Hispanic",2018,"2018",49451,8569,"Chelan County, WA","05000US53007","chelan-county-wa"
0,"Total",2018,"2018",74060,2478,"Clark County, WA","05000US53011","clark-county-wa"
9,"Hispanic",2018,"2018",50108,9809,"Benton County, WA","05000US53005","benton-county-wa"
8,"White Non-Hispanic",2018,"2018",54866,5116,"Yakima County, WA","05000US53077","yakima-county-wa"
8,"White Non-Hispanic",2018,"2018",65563,2692,"Whatcom County, WA","05000US53073","whatcom-county-wa"
8,"White Non-Hispanic",2018,"2018",75232,3115,"Thurston County, WA","05000US53067","thurston-county-wa"
8,"White Non-Hispanic",2018,"2018",60988,1506,"Spokane County, WA","05000US53063","spokane-county-wa"
0,"Total",2018,"2018",59225,4614,"Cowlitz County, WA","05000US53015","cowlitz-county-wa"
8,"White Non-Hispanic",2018,"2018",88847,2906,"Snohomish County, WA","05000US53061","snohomish-county-wa"
8,"White Non-Hispanic",2018,"2018",72152,4942,"Skagit County, WA","05000US53057","skagit-county-wa"
8,"White Non-Hispanic",2018,"2018",80320,2007.9999999999998,"Pierce County, WA","05000US53053","pierce-county-wa"
8,"White Non-Hispanic",2018,"2018",60329,8620,"Mason County, WA","05000US53045","mason-county-wa"
8,"White Non-Hispanic",2018,"2018",60046,6297,"Lewis County, WA","05000US53041","lewis-county-wa"
0,"Total",2018,"2018",60012,8498,"Franklin County, WA","05000US53021","franklin-county-wa"
8,"White Non-Hispanic",2018,"2018",80050,3046,"Kitsap County, WA","05000US53035","kitsap-county-wa"
8,"White Non-Hispanic",2018,"2018",101247,1077,"King County, WA","05000US53033","king-county-wa"
8,"White Non-Hispanic",2018,"2018",69089,7649,"Island County, WA","05000US53029","island-county-wa"
8,"White Non-Hispanic",2018,"2018",49673,6048,"Grays Harbor County, WA","05000US53027","grays-harbor-county-wa"
8,"White Non-Hispanic",2018,"2018",60582,6559,"Grant County, WA","05000US53025","grant-county-wa"
0,"Total",2018,"2018",53057,8791,"Grant County, WA","05000US53025","grant-county-wa"
8,"White Non-Hispanic",2018,"2018",72278,12569,"Franklin County, WA","05000US53021","franklin-county-wa"
8,"White Non-Hispanic",2018,"2018",60682,5072,"Cowlitz County, WA","05000US53015","cowlitz-county-wa"
8,"White Non-Hispanic",2018,"2018",75463,2677,"Clark County, WA","05000US53011","clark-county-wa"
8,"White Non-Hispanic",2018,"2018",60198,4797,"Clallam County, WA","05000US53009","clallam-county-wa"
8,"White Non-Hispanic",2018,"2018",61766,6621,"Chelan County, WA","05000US53007","chelan-county-wa"
0,"Total",2018,"2018",48255,6637,"Grays Harbor County, WA","05000US53027","grays-harbor-county-wa"
8,"White Non-Hispanic",2018,"2018",73869,3816,"Benton County, WA","05000US53005","benton-county-wa"
7,"Two Or More",2018,"2018",70889,30143.999999999996,"Yakima County, WA","05000US53077","yakima-county-wa"
7,"Two Or More",2018,"2018",65867,14278.999999999998,"Whatcom County, WA","05000US53073","whatcom-county-wa"
7,"Two Or More",2018,"2018",70034,23867,"Thurston County, WA","05000US53067","thurston-county-wa"
7,"Two Or More",2018,"2018",52874,6538,"Spokane County, WA","05000US53063","spokane-county-wa"
0,"Total",2018,"2018",64793,5553,"Island County, WA","05000US53029","island-county-wa"
7,"Two Or More",2018,"2018",67056,16294,"Snohomish County, WA","05000US53061","snohomish-county-wa"
7,"Two Or More",2018,"2018",85579,71343,"Skagit County, WA","05000US53057","skagit-county-wa"
7,"Two Or More",2018,"2018",76836,14262,"Pierce County, WA","05000US53053","pierce-county-wa"
7,"Two Or More",2018,"2018",50175,48638,"Mason County, WA","05000US53045","mason-county-wa"
7,"Two Or More",2018,"2018",90344,57757,"Lewis County, WA","05000US53041","lewis-county-wa"
0,"Total",2018,"2018",95009,1914,"King County, WA","05000US53033","king-county-wa"
7,"Two Or More",2018,"2018",73304,28070.999999999996,"Kitsap County, WA","05000US53035","kitsap-county-wa"
7,"Two Or More",2018,"2018",85337,8363,"King County, WA","05000US53033","king-county-wa"
7,"Two Or More",2018,"2018",66669,9321,"Island County, WA","05000US53029","island-county-wa"
7,"Two Or More",2018,"2018",80134,35131,"Grant County, WA","05000US53025","grant-county-wa"
7,"Two Or More",2018,"2018",56431,24856,"Franklin County, WA","05000US53021","franklin-county-wa"
0,"Total",2018,"2018",76945,2750,"Kitsap County, WA","05000US53035","kitsap-county-wa"
7,"Two Or More",2018,"2018",43295,37651,"Cowlitz County, WA","05000US53015","cowlitz-county-wa"
7,"Two Or More",2018,"2018",89738,23937,"Clark County, WA","05000US53011","clark-county-wa"
7,"Two Or More",2018,"2018",65193,18824,"Clallam County, WA","05000US53009","clallam-county-wa"
7,"Two Or More",2018,"2018",73745,15594.000000000002,"Chelan County, WA","05000US53007","chelan-county-wa"
7,"Two Or More",2018,"2018",66357,57497.99999999999,"Benton County, WA","05000US53005","benton-county-wa"
0,"Total",2018,"2018",61058,6257,"Lewis County, WA","05000US53041","lewis-county-wa"
0,"Total",2018,"2018",58094,4214,"Mason County, WA","05000US53045","mason-county-wa"
6,"Other",2018,"2018",49959,5257,"Yakima County, WA","05000US53077","yakima-county-wa"
6,"Other",2018,"2018",33526,7528.000000000001,"Whatcom County, WA","05000US53073","whatcom-county-wa"
6,"Other",2018,"2018",65621,45718,"Thurston County, WA","05000US53067","thurston-county-wa"
6,"Other",2018,"2018",60030,38824,"Spokane County, WA","05000US53063","spokane-county-wa"
6,"Other",2018,"2018",84272,23784,"Snohomish County, WA","05000US53061","snohomish-county-wa"
0,"Total",2018,"2018",75407,1954,"Pierce County, WA","05000US53053","pierce-county-wa"
6,"Other",2018,"2018",61532,27893,"Skagit County, WA","05000US53057","skagit-county-wa"
6,"Other",2018,"2018",50781,9828,"Pierce County, WA","05000US53053","pierce-county-wa"
6,"Other",2018,"2018",26901,9350,"Mason County, WA","05000US53045","mason-county-wa"
6,"Other",2018,"2018",53608,20692,"Kitsap County, WA","05000US53035","kitsap-county-wa"
6,"Other",2018,"2018",57592,4534,"King County, WA","05000US53033","king-county-wa"
0,"Total",2018,"2018",73206,4545,"Skagit County, WA","05000US53057","skagit-county-wa"
6,"Other",2018,"2018",51425,29673.000000000004,"Island County, WA","05000US53029","island-county-wa"
6,"Other",2018,"2018",52712,23336,"Grays Harbor County, WA","05000US53027","grays-harbor-county-wa"
6,"Other",2018,"2018",40342,5715,"Grant County, WA","05000US53025","grant-county-wa"
6,"Other",2018,"2018",48028,14732.000000000002,"Franklin County, WA","05000US53021","franklin-county-wa"
6,"Other",2018,"2018",50240,16669,"Cowlitz County, WA","05000US53015","cowlitz-county-wa"
0,"Total",2018,"2018",87440,2425,"Snohomish County, WA","05000US53061","snohomish-county-wa"
6,"Other",2018,"2018",46485,9019,"Clark County, WA","05000US53011","clark-county-wa"
6,"Other",2018,"2018",44725,20437,"Chelan County, WA","05000US53007","chelan-county-wa"
6,"Other",2018,"2018",57123,9766,"Benton County, WA","05000US53005","benton-county-wa"
5,"Pacific Islander",2018,"2018",67066,59114,"Thurston County, WA","05000US53067","thurston-county-wa"
5,"Pacific Islander",2018,"2018",34823,19100,"Spokane County, WA","05000US53063","spokane-county-wa"
0,"Total",2018,"2018",59783,2297,"Spokane County, WA","05000US53063","spokane-county-wa"
5,"Pacific Islander",2018,"2018",56712,33229,"Snohomish County, WA","05000US53061","snohomish-county-wa"
5,"Pacific Islander",2018,"2018",72888,23635,"Pierce County, WA","05000US53053","pierce-county-wa"
5,"Pacific Islander",2018,"2018",106490,76556,"Mason County, WA","05000US53045","mason-county-wa"
5,"Pacific Islander",2018,"2018",74671,41612,"Kitsap County, WA","05000US53035","kitsap-county-wa"
5,"Pacific Islander",2018,"2018",76826,20705,"King County, WA","05000US53033","king-county-wa"
0,"Total",2018,"2018",72703,3003,"Thurston County, WA","05000US53067","thurston-county-wa"
5,"Pacific Islander",2018,"2018",173150,131728,"Grays Harbor County, WA","05000US53027","grays-harbor-county-wa"
5,"Pacific Islander",2018,"2018",53779,27520.000000000004,"Clark County, WA","05000US53011","clark-county-wa"
4,"Asian",2018,"2018",50625,24172,"Yakima County, WA","05000US53077","yakima-county-wa"
4,"Asian",2018,"2018",63460,15229,"Thurston County, WA","05000US53067","thurston-county-wa"
4,"Asian",2018,"2018",63704,27294,"Spokane County, WA","05000US53063","spokane-county-wa"
0,"Total",2018,"2018",62268,3301,"Whatcom County, WA","05000US53073","whatcom-county-wa"
4,"Asian",2018,"2018",101661,10964,"Snohomish County, WA","05000US53061","snohomish-county-wa"
4,"Asian",2018,"2018",90409,16330,"Skagit County, WA","05000US53057","skagit-county-wa"
4,"Asian",2018,"2018",59358,6033,"Pierce County, WA","05000US53053","pierce-county-wa"
4,"Asian",2018,"2018",48510,24382,"Mason County, WA","05000US53045","mason-county-wa"
4,"Asian",2018,"2018",65750,6973,"Kitsap County, WA","05000US53035","kitsap-county-wa"
0,"Total",2018,"2018",51555,2307,"Yakima County, WA","05000US53077","yakima-county-wa"
4,"Asian",2018,"2018",111609,3811,"King County, WA","05000US53033","king-county-wa"
4,"Asian",2018,"2018",77539,27734,"Island County, WA","05000US53029","island-county-wa"
4,"Asian",2018,"2018",76319,23342,"Grays Harbor County, WA","05000US53027","grays-harbor-county-wa"
4,"Asian",2018,"2018",101084,36548,"Franklin County, WA","05000US53021","franklin-county-wa"
4,"Asian",2018,"2018",95384,9399,"Clark County, WA","05000US53011","clark-county-wa"
1,"White",2018,"2018",70111,5716,"Benton County, WA","05000US53005","benton-county-wa"
4,"Asian",2018,"2018",67885,43614,"Clallam County, WA","05000US53009","clallam-county-wa"
4,"Asian",2018,"2018",81285,74641,"Benton County, WA","05000US53005","benton-county-wa"
3,"Native American",2018,"2018",40234,25337,"Whatcom County, WA","05000US53073","whatcom-county-wa"
3,"Native American",2018,"2018",70198,25832,"Thurston County, WA","05000US53067","thurston-county-wa"
3,"Native American",2018,"2018",24531,11703,"Spokane County, WA","05000US53063","spokane-county-wa"
1,"White",2018,"2018",59726,6981,"Chelan County, WA","05000US53007","chelan-county-wa"
3,"Native American",2018,"2018",57325,6916,"Snohomish County, WA","05000US53061","snohomish-county-wa"
3,"Native American",2018,"2018",76764,13660.999999999998,"Skagit County, WA","05000US53057","skagit-county-wa"
3,"Native American",2018,"2018",73076,18594,"Pierce County, WA","05000US53053","pierce-county-wa"
3,"Native American",2018,"2018",25313,25086,"Mason County, WA","05000US53045","mason-county-wa"
3,"Native American",2018,"2018",129837,114225,"Lewis County, WA","05000US53041","lewis-county-wa"
1,"White",2018,"2018",59381,5109,"Clallam County, WA","05000US53009","clallam-county-wa"
3,"Native American",2018,"2018",59699,22536,"Kitsap County, WA","05000US53035","kitsap-county-wa"
3,"Native American",2018,"2018",63558,16045,"King County, WA","05000US53033","king-county-wa"
3,"Native American",2018,"2018",91264,38635,"Island County, WA","05000US53029","island-county-wa"
3,"Native American",2018,"2018",23548,20734,"Grant County, WA","05000US53025","grant-county-wa"
3,"Native American",2018,"2018",49603,12486,"Cowlitz County, WA","05000US53015","cowlitz-county-wa"
1,"White",2018,"2018",73990,2536,"Clark County, WA","05000US53011","clark-county-wa"
3,"Native American",2018,"2018",82394,32974,"Clark County, WA","05000US53011","clark-county-wa"
3,"Native American",2018,"2018",46063,15447,"Clallam County, WA","05000US53009","clallam-county-wa"
3,"Native American",2018,"2018",48521,9723,"Chelan County, WA","05000US53007","chelan-county-wa"
2,"Black",2018,"2018",111055,52129,"Yakima County, WA","05000US53077","yakima-county-wa"
2,"Black",2018,"2018",83517,17128,"Thurston County, WA","05000US53067","thurston-county-wa"
1,"White",2018,"2018",59874,4830,"Cowlitz County, WA","05000US53015","cowlitz-county-wa"
2,"Black",2018,"2018",28494,14609,"Spokane County, WA","05000US53063","spokane-county-wa"
2,"Black",2018,"2018",69796,9930,"Snohomish County, WA","05000US53061","snohomish-county-wa"
2,"Black",2018,"2018",59218,7545,"Pierce County, WA","05000US53053","pierce-county-wa"
2,"Black",2018,"2018",37095,24528,"Kitsap County, WA","05000US53035","kitsap-county-wa"
2,"Black",2018,"2018",55152,8418,"King County, WA","05000US53033","king-county-wa"
1,"White",2018,"2018",64753,10132,"Franklin County, WA","05000US53021","franklin-county-wa"
2,"Black",2018,"2018",56015,11986,"Franklin County, WA","05000US53021","franklin-county-wa"
2,"Black",2018,"2018",67366,27013.999999999996,"Cowlitz County, WA","05000US53015","cowlitz-county-wa"
2,"Black",2018,"2018",42047,38971,"Clark County, WA","05000US53011","clark-county-wa"
2,"Black",2018,"2018",26485,8470,"Benton County, WA","05000US53005","benton-county-wa"
1,"White",2018,"2018",51524,3168,"Yakima County, WA","05000US53077","yakima-county-wa"
1,"White",2018,"2018",60792,6298,"Grant County, WA","05000US53025","grant-county-wa"
1,"White",2018,"2018",64839,3288,"Whatcom County, WA","05000US53073","whatcom-county-wa"
1,"White",2018,"2018",74252,3343,"Thurston County, WA","05000US53067","thurston-county-wa"
1,"White",2018,"2018",60768,1496,"Spokane County, WA","05000US53063","spokane-county-wa"
1,"White",2018,"2018",87720,2672,"Snohomish County, WA","05000US53061","snohomish-county-wa"
1,"White",2018,"2018",72100,5301,"Skagit County, WA","05000US53057","skagit-county-wa"
1,"White",2018,"2018",47944,6764,"Grays Harbor County, WA","05000US53027","grays-harbor-county-wa"
1,"White",2018,"2018",78917,2037,"Pierce County, WA","05000US53053","pierce-county-wa"
1,"White",2018,"2018",59949,8625,"Mason County, WA","05000US53045","mason-county-wa"
1,"White",2018,"2018",60588,6263,"Lewis County, WA","05000US53041","lewis-county-wa"
1,"White",2018,"2018",80270,2840,"Kitsap County, WA","05000US53035","kitsap-county-wa"
1,"White",2018,"2018",100298,1455,"King County, WA","05000US53033","king-county-wa"
1,"White",2018,"2018",66764,7615.000000000001,"Island County, WA","05000US53029","island-county-wa"
3,"Native American",2017,"2017",66944,33328,"Snohomish County, WA","05000US53061","snohomish-county-wa"
9,"Hispanic",2017,"2017",41577,2527,"Yakima County, WA","05000US53077","yakima-county-wa"
1,"White",2017,"2017",56671,8183,"Island County, WA","05000US53029","island-county-wa"
9,"Hispanic",2017,"2017",51955,9430,"Whatcom County, WA","05000US53073","whatcom-county-wa"
1,"White",2017,"2017",75637,3232,"Kitsap County, WA","05000US53035","kitsap-county-wa"
1,"White",2017,"2017",49513,4487,"Lewis County, WA","05000US53041","lewis-county-wa"
9,"Hispanic",2017,"2017",51410,7652.999999999999,"Thurston County, WA","05000US53067","thurston-county-wa"
0,"Total",2017,"2017",63346,4028,"Benton County, WA","05000US53005","benton-county-wa"
9,"Hispanic",2017,"2017",46726,12585,"Spokane County, WA","05000US53063","spokane-county-wa"
1,"White",2017,"2017",72399,1759.9999999999998,"Pierce County, WA","05000US53053","pierce-county-wa"
9,"Hispanic",2017,"2017",68952,9015,"Snohomish County, WA","05000US53061","snohomish-county-wa"
1,"White",2017,"2017",67087,2397,"Skagit County, WA","05000US53057","skagit-county-wa"
1,"White",2017,"2017",48177,3944.9999999999995,"Grays Harbor County, WA","05000US53027","grays-harbor-county-wa"
9,"Hispanic",2017,"2017",59513,11485,"Skagit County, WA","05000US53057","skagit-county-wa"
1,"White",2017,"2017",83937,2574,"Snohomish County, WA","05000US53061","snohomish-county-wa"
9,"Hispanic",2017,"2017",59085,7784,"Pierce County, WA","05000US53053","pierce-county-wa"
1,"White",2017,"2017",53762,1925.0000000000002,"Spokane County, WA","05000US53063","spokane-county-wa"
0,"Total",2017,"2017",61615,8398,"Chelan County, WA","05000US53007","chelan-county-wa"
1,"White",2017,"2017",72965,2193,"Thurston County, WA","05000US53067","thurston-county-wa"
9,"Hispanic",2017,"2017",57824,31613,"Lewis County, WA","05000US53041","lewis-county-wa"
9,"Hispanic",2017,"2017",64916,10547,"Kitsap County, WA","05000US53035","kitsap-county-wa"
1,"White",2017,"2017",62184,2852,"Whatcom County, WA","05000US53073","whatcom-county-wa"
9,"Hispanic",2017,"2017",60987,3254,"King County, WA","05000US53033","king-county-wa"
1,"White",2017,"2017",50788,1977,"Yakima County, WA","05000US53077","yakima-county-wa"
1,"White",2017,"2017",65229,6935.000000000001,"Grant County, WA","05000US53025","grant-county-wa"
9,"Hispanic",2017,"2017",82846,46321,"Island County, WA","05000US53029","island-county-wa"
2,"Black",2017,"2017",75623,8046.999999999999,"Clark County, WA","05000US53011","clark-county-wa"
9,"Hispanic",2017,"2017",31554,13883,"Grays Harbor County, WA","05000US53027","grays-harbor-county-wa"
2,"Black",2017,"2017",46100,391,"Cowlitz County, WA","05000US53015","cowlitz-county-wa"
0,"Total",2017,"2017",47907,3155,"Clallam County, WA","05000US53009","clallam-county-wa"
2,"Black",2017,"2017",43432,31756.000000000004,"Grant County, WA","05000US53025","grant-county-wa"
9,"Hispanic",2017,"2017",46812,5913,"Grant County, WA","05000US53025","grant-county-wa"
2,"Black",2017,"2017",65921,18599,"Island County, WA","05000US53029","island-county-wa"
9,"Hispanic",2017,"2017",47192,5615,"Franklin County, WA","05000US53021","franklin-county-wa"
2,"Black",2017,"2017",46730,4945,"King County, WA","05000US53033","king-county-wa"
1,"White",2017,"2017",78101,7590,"Franklin County, WA","05000US53021","franklin-county-wa"
9,"Hispanic",2017,"2017",33326,25679,"Cowlitz County, WA","05000US53015","cowlitz-county-wa"
2,"Black",2017,"2017",43582,14293.000000000002,"Kitsap County, WA","05000US53035","kitsap-county-wa"
9,"Hispanic",2017,"2017",58231,13471,"Clark County, WA","05000US53011","clark-county-wa"
2,"Black",2017,"2017",45540,6846,"Pierce County, WA","05000US53053","pierce-county-wa"
0,"Total",2017,"2017",74747,2965,"Clark County, WA","05000US53011","clark-county-wa"
9,"Hispanic",2017,"2017",45986,22424,"Chelan County, WA","05000US53007","chelan-county-wa"
2,"Black",2017,"2017",73881,8503,"Snohomish County, WA","05000US53061","snohomish-county-wa"
9,"Hispanic",2017,"2017",48075,4710,"Benton County, WA","05000US53005","benton-county-wa"
8,"White Non-Hispanic",2017,"2017",52144,2631,"Yakima County, WA","05000US53077","yakima-county-wa"
2,"Black",2017,"2017",53699,20138,"Spokane County, WA","05000US53063","spokane-county-wa"
8,"White Non-Hispanic",2017,"2017",62449,3187,"Whatcom County, WA","05000US53073","whatcom-county-wa"
1,"White",2017,"2017",49668,3354,"Cowlitz County, WA","05000US53015","cowlitz-county-wa"
3,"Native American",2017,"2017",84457,76651,"Benton County, WA","05000US53005","benton-county-wa"
8,"White Non-Hispanic",2017,"2017",73530,1781.0000000000002,"Thurston County, WA","05000US53067","thurston-county-wa"
0,"Total",2017,"2017",49456,2785,"Cowlitz County, WA","05000US53015","cowlitz-county-wa"
3,"Native American",2017,"2017",25496,4945,"Clallam County, WA","05000US53009","clallam-county-wa"
8,"White Non-Hispanic",2017,"2017",53909,1997.9999999999998,"Spokane County, WA","05000US53063","spokane-county-wa"
8,"White Non-Hispanic",2017,"2017",83981,2689,"Snohomish County, WA","05000US53061","snohomish-county-wa"
3,"Native American",2017,"2017",80362,33826,"Clark County, WA","05000US53011","clark-county-wa"
8,"White Non-Hispanic",2017,"2017",67587,2793,"Skagit County, WA","05000US53057","skagit-county-wa"
1,"White",2017,"2017",73978,3468,"Clark County, WA","05000US53011","clark-county-wa"
3,"Native American",2017,"2017",40850,13451,"Franklin County, WA","05000US53021","franklin-county-wa"
3,"Native American",2017,"2017",130457,79228,"Grant County, WA","05000US53025","grant-county-wa"
8,"White Non-Hispanic",2017,"2017",72874,1986.0000000000002,"Pierce County, WA","05000US53053","pierce-county-wa"
3,"Native American",2017,"2017",32321,24059,"Grays Harbor County, WA","05000US53027","grays-harbor-county-wa"
3,"Native American",2017,"2017",56528,37297,"Island County, WA","05000US53029","island-county-wa"
0,"Total",2017,"2017",64344,7787.000000000001,"Franklin County, WA","05000US53021","franklin-county-wa"
8,"White Non-Hispanic",2017,"2017",49994,4130,"Lewis County, WA","05000US53041","lewis-county-wa"
3,"Native American",2017,"2017",52069,10972,"King County, WA","05000US53033","king-county-wa"
8,"White Non-Hispanic",2017,"2017",76125,3559,"Kitsap County, WA","05000US53035","kitsap-county-wa"
3,"Native American",2017,"2017",35268,19050,"Kitsap County, WA","05000US53035","kitsap-county-wa"
3,"Native American",2017,"2017",17957,16173.999999999998,"Lewis County, WA","05000US53041","lewis-county-wa"
1,"White",2017,"2017",49622,4255,"Clallam County, WA","05000US53009","clallam-county-wa"
8,"White Non-Hispanic",2017,"2017",96054,1887.0000000000002,"King County, WA","05000US53033","king-county-wa"
3,"Native American",2017,"2017",65000,33229,"Pierce County, WA","05000US53053","pierce-county-wa"
8,"White Non-Hispanic",2017,"2017",56436,8054.000000000001,"Island County, WA","05000US53029","island-county-wa"
3,"Native American",2017,"2017",49334,17780,"Skagit County, WA","05000US53057","skagit-county-wa"
8,"White Non-Hispanic",2017,"2017",49195,4669,"Grays Harbor County, WA","05000US53027","grays-harbor-county-wa"
0,"Total",2017,"2017",58644,6533,"Grant County, WA","05000US53025","grant-county-wa"
1,"White",2017,"2017",95088,2182,"King County, WA","05000US53033","king-county-wa"
8,"White Non-Hispanic",2017,"2017",63796,6288,"Grant County, WA","05000US53025","grant-county-wa"
3,"Native American",2017,"2017",39072,5438,"Spokane County, WA","05000US53063","spokane-county-wa"
1,"White",2017,"2017",65851,7598.000000000001,"Chelan County, WA","05000US53007","chelan-county-wa"
8,"White Non-Hispanic",2017,"2017",81739,15572,"Franklin County, WA","05000US53021","franklin-county-wa"
3,"Native American",2017,"2017",60375,28455,"Thurston County, WA","05000US53067","thurston-county-wa"
8,"White Non-Hispanic",2017,"2017",50941,4902,"Cowlitz County, WA","05000US53015","cowlitz-county-wa"
3,"Native American",2017,"2017",31052,18548,"Whatcom County, WA","05000US53073","whatcom-county-wa"
8,"White Non-Hispanic",2017,"2017",75595,3428,"Clark County, WA","05000US53011","clark-county-wa"
3,"Native American",2017,"2017",22532,9092,"Yakima County, WA","05000US53077","yakima-county-wa"
8,"White Non-Hispanic",2017,"2017",49694,4407,"Clallam County, WA","05000US53009","clallam-county-wa"
4,"Asian",2017,"2017",103731,7428,"Benton County, WA","05000US53005","benton-county-wa"
0,"Total",2017,"2017",47445,4076,"Grays Harbor County, WA","05000US53027","grays-harbor-county-wa"
8,"White Non-Hispanic",2017,"2017",66457,6147,"Chelan County, WA","05000US53007","chelan-county-wa"
8,"White Non-Hispanic",2017,"2017",69577,3726,"Benton County, WA","05000US53005","benton-county-wa"
4,"Asian",2017,"2017",85259,12052,"Clark County, WA","05000US53011","clark-county-wa"
1,"White",2017,"2017",65373,3371,"Benton County, WA","05000US53005","benton-county-wa"
4,"Asian",2017,"2017",87660,26635,"Cowlitz County, WA","05000US53015","cowlitz-county-wa"
7,"Two Or More",2017,"2017",36261,21577,"Yakima County, WA","05000US53077","yakima-county-wa"
4,"Asian",2017,"2017",56959,12032,"Franklin County, WA","05000US53021","franklin-county-wa"
7,"Two Or More",2017,"2017",46771,19823,"Whatcom County, WA","05000US53073","whatcom-county-wa"
7,"Two Or More",2017,"2017",57624,24469,"Thurston County, WA","05000US53067","thurston-county-wa"
4,"Asian",2017,"2017",72734,18631,"Island County, WA","05000US53029","island-county-wa"
0,"Total",2017,"2017",59644,9028,"Island County, WA","05000US53029","island-county-wa"
7,"Two Or More",2017,"2017",46787,18058,"Spokane County, WA","05000US53063","spokane-county-wa"
4,"Asian",2017,"2017",101518,4202,"King County, WA","05000US53033","king-county-wa"
7,"Two Or More",2017,"2017",80269,9193,"Snohomish County, WA","05000US53061","snohomish-county-wa"
4,"Asian",2017,"2017",68290,10720,"Kitsap County, WA","05000US53035","kitsap-county-wa"
0,"Total",2017,"2017",47402,2712,"Yakima County, WA","05000US53077","yakima-county-wa"
7,"Two Or More",2017,"2017",78645,45020,"Skagit County, WA","05000US53057","skagit-county-wa"
7,"Two Or More",2017,"2017",67604,6695,"Pierce County, WA","05000US53053","pierce-county-wa"
4,"Asian",2017,"2017",59063,7587,"Pierce County, WA","05000US53053","pierce-county-wa"
0,"Total",2017,"2017",89675,1863,"King County, WA","05000US53033","king-county-wa"
7,"Two Or More",2017,"2017",61111,18373,"Lewis County, WA","05000US53041","lewis-county-wa"
7,"Two Or More",2017,"2017",70508,27162.999999999996,"Kitsap County, WA","05000US53035","kitsap-county-wa"
4,"Asian",2017,"2017",89466,10371,"Snohomish County, WA","05000US53061","snohomish-county-wa"
7,"Two Or More",2017,"2017",80070,7118,"King County, WA","05000US53033","king-county-wa"
4,"Asian",2017,"2017",65278,33517,"Spokane County, WA","05000US53063","spokane-county-wa"
0,"Total",2017,"2017",61186,2599,"Whatcom County, WA","05000US53073","whatcom-county-wa"
7,"Two Or More",2017,"2017",49245,29807,"Island County, WA","05000US53029","island-county-wa"
4,"Asian",2017,"2017",85413,35863,"Thurston County, WA","05000US53067","thurston-county-wa"
7,"Two Or More",2017,"2017",42736,9968,"Grays Harbor County, WA","05000US53027","grays-harbor-county-wa"
4,"Asian",2017,"2017",66529,31001.999999999996,"Whatcom County, WA","05000US53073","whatcom-county-wa"
4,"Asian",2017,"2017",33700,16462,"Yakima County, WA","05000US53077","yakima-county-wa"
7,"Two Or More",2017,"2017",51121,28155,"Grant County, WA","05000US53025","grant-county-wa"
5,"Pacific Islander",2017,"2017",72295,20247,"Clark County, WA","05000US53011","clark-county-wa"
0,"Total",2017,"2017",73026,2517,"Kitsap County, WA","05000US53035","kitsap-county-wa"
7,"Two Or More",2017,"2017",39439,9630,"Franklin County, WA","05000US53021","franklin-county-wa"
5,"Pacific Islander",2017,"2017",69782,29579,"King County, WA","05000US53033","king-county-wa"
0,"Total",2017,"2017",71765,2663,"Thurston County, WA","05000US53067","thurston-county-wa"
7,"Two Or More",2017,"2017",41863,9780,"Cowlitz County, WA","05000US53015","cowlitz-county-wa"
5,"Pacific Islander",2017,"2017",59850,48109,"Kitsap County, WA","05000US53035","kitsap-county-wa"
7,"Two Or More",2017,"2017",89250,14577.000000000002,"Clark County, WA","05000US53011","clark-county-wa"
5,"Pacific Islander",2017,"2017",81733,27256,"Pierce County, WA","05000US53053","pierce-county-wa"
7,"Two Or More",2017,"2017",23090,7241.999999999999,"Clallam County, WA","05000US53009","clallam-county-wa"
5,"Pacific Islander",2017,"2017",43341,21599,"Skagit County, WA","05000US53057","skagit-county-wa"
5,"Pacific Islander",2017,"2017",64194,36436,"Snohomish County, WA","05000US53061","snohomish-county-wa"
0,"Total",2017,"2017",49827,3926.0000000000005,"Lewis County, WA","05000US53041","lewis-county-wa"
5,"Pacific Islander",2017,"2017",51753,20062,"Spokane County, WA","05000US53063","spokane-county-wa"
0,"Total",2017,"2017",53360,1844.0000000000002,"Spokane County, WA","05000US53063","spokane-county-wa"
7,"Two Or More",2017,"2017",35622,7522,"Benton County, WA","05000US53005","benton-county-wa"
6,"Other",2017,"2017",40293,2975,"Yakima County, WA","05000US53077","yakima-county-wa"
6,"Other",2017,"2017",49549,5496,"Benton County, WA","05000US53005","benton-county-wa"
6,"Other",2017,"2017",93150,7042.000000000001,"Whatcom County, WA","05000US53073","whatcom-county-wa"
6,"Other",2017,"2017",45406,22178,"Chelan County, WA","05000US53007","chelan-county-wa"
6,"Other",2017,"2017",49311,16101,"Clark County, WA","05000US53011","clark-county-wa"
0,"Total",2017,"2017",69278,2137,"Pierce County, WA","05000US53053","pierce-county-wa"
6,"Other",2017,"2017",60744,10216,"Snohomish County, WA","05000US53061","snohomish-county-wa"
6,"Other",2017,"2017",48874,44213,"Cowlitz County, WA","05000US53015","cowlitz-county-wa"
0,"Total",2017,"2017",82595,2225,"Snohomish County, WA","05000US53061","snohomish-county-wa"
6,"Other",2017,"2017",58235,16065,"Skagit County, WA","05000US53057","skagit-county-wa"
6,"Other",2017,"2017",34640,10060,"Franklin County, WA","05000US53021","franklin-county-wa"
6,"Other",2017,"2017",49346,5456,"Pierce County, WA","05000US53053","pierce-county-wa"
6,"Other",2017,"2017",41720,8966,"Grant County, WA","05000US53025","grant-county-wa"
0,"Total",2017,"2017",66066,2745,"Skagit County, WA","05000US53057","skagit-county-wa"
6,"Other",2017,"2017",53717,4973,"King County, WA","05000US53033","king-county-wa"
1,"White",2016,"2016",91530,1379,"King County, WA","05000US53033","king-county-wa"
3,"Native American",2016,"2016",56462,11375,"Snohomish County, WA","05000US53061","snohomish-county-wa"
9,"Hispanic",2016,"2016",38374,18531,"Cowlitz County, WA","05000US53015","cowlitz-county-wa"
2,"Black",2016,"2016",35543,25698,"Kitsap County, WA","05000US53035","kitsap-county-wa"
8,"White Non-Hispanic",2016,"2016",50697,3239,"Grant County, WA","05000US53025","grant-county-wa"
3,"Native American",2016,"2016",47692,7694,"Spokane County, WA","05000US53063","spokane-county-wa"
1,"White",2016,"2016",68149,3468.9999999999995,"Thurston County, WA","05000US53067","thurston-county-wa"
1,"White",2016,"2016",61959,5621,"Franklin County, WA","05000US53021","franklin-county-wa"
1,"White",2016,"2016",68304,1941,"Pierce County, WA","05000US53053","pierce-county-wa"
8,"White Non-Hispanic",2016,"2016",67185,6724,"Franklin County, WA","05000US53021","franklin-county-wa"
3,"Native American",2016,"2016",71905,37817,"Thurston County, WA","05000US53067","thurston-county-wa"
9,"Hispanic",2016,"2016",50254,11231,"Clark County, WA","05000US53011","clark-county-wa"
1,"White",2016,"2016",51532,8866,"Chelan County, WA","05000US53007","chelan-county-wa"
0,"Total",2016,"2016",69062,2069,"Clark County, WA","05000US53011","clark-county-wa"
8,"White Non-Hispanic",2016,"2016",52427,3987.0000000000005,"Cowlitz County, WA","05000US53015","cowlitz-county-wa"
3,"Native American",2016,"2016",32460,30172.999999999996,"Whatcom County, WA","05000US53073","whatcom-county-wa"
2,"Black",2016,"2016",46544,4388,"Pierce County, WA","05000US53053","pierce-county-wa"
1,"White",2016,"2016",64806,4462,"Island County, WA","05000US53029","island-county-wa"
8,"White Non-Hispanic",2016,"2016",71642,2721,"Clark County, WA","05000US53011","clark-county-wa"
0,"Total",2016,"2016",49623,3998,"Grays Harbor County, WA","05000US53027","grays-harbor-county-wa"
3,"Native American",2016,"2016",37756,18078,"Yakima County, WA","05000US53077","yakima-county-wa"
9,"Hispanic",2016,"2016",26398,12447,"Clallam County, WA","05000US53009","clallam-county-wa"
9,"Hispanic",2016,"2016",41492,14523.999999999998,"Lewis County, WA","05000US53041","lewis-county-wa"
8,"White Non-Hispanic",2016,"2016",51050,4103,"Clallam County, WA","05000US53009","clallam-county-wa"
9,"Hispanic",2016,"2016",51650,13830.999999999998,"Spokane County, WA","05000US53063","spokane-county-wa"
9,"Hispanic",2016,"2016",41522,8750,"Chelan County, WA","05000US53007","chelan-county-wa"
4,"Asian",2016,"2016",46439,793,"Chelan County, WA","05000US53007","chelan-county-wa"
2,"Black",2016,"2016",59337,8342,"Snohomish County, WA","05000US53061","snohomish-county-wa"
4,"Asian",2016,"2016",59617,14019.999999999998,"Clallam County, WA","05000US53009","clallam-county-wa"
8,"White Non-Hispanic",2016,"2016",56383,6954.999999999999,"Chelan County, WA","05000US53007","chelan-county-wa"
1,"White",2016,"2016",57770,4907,"Whatcom County, WA","05000US53073","whatcom-county-wa"
4,"Asian",2016,"2016",79042,8867,"Clark County, WA","05000US53011","clark-county-wa"
9,"Hispanic",2016,"2016",41134,33298,"Whatcom County, WA","05000US53073","whatcom-county-wa"
9,"Hispanic",2016,"2016",37767,13177,"Benton County, WA","05000US53005","benton-county-wa"
8,"White Non-Hispanic",2016,"2016",67860,4502,"Benton County, WA","05000US53005","benton-county-wa"
4,"Asian",2016,"2016",95971,86905,"Cowlitz County, WA","05000US53015","cowlitz-county-wa"
9,"Hispanic",2016,"2016",60089,22415,"Kitsap County, WA","05000US53035","kitsap-county-wa"
2,"Black",2016,"2016",34545,25006,"Spokane County, WA","05000US53063","spokane-county-wa"
7,"Two Or More",2016,"2016",41709,17350,"Yakima County, WA","05000US53077","yakima-county-wa"
4,"Asian",2016,"2016",63105,13526.000000000002,"Franklin County, WA","05000US53021","franklin-county-wa"
1,"White",2016,"2016",61734,4502,"Skagit County, WA","05000US53057","skagit-county-wa"
1,"White",2016,"2016",64653,4438,"Benton County, WA","05000US53005","benton-county-wa"
8,"White Non-Hispanic",2016,"2016",56072,4529,"Yakima County, WA","05000US53077","yakima-county-wa"
7,"Two Or More",2016,"2016",28281,7475.999999999999,"Whatcom County, WA","05000US53073","whatcom-county-wa"
0,"Total",2016,"2016",64813,3463.9999999999995,"Island County, WA","05000US53029","island-county-wa"
1,"White",2016,"2016",50400,2497,"Yakima County, WA","05000US53077","yakima-county-wa"
7,"Two Or More",2016,"2016",47532,13882,"Thurston County, WA","05000US53067","thurston-county-wa"
4,"Asian",2016,"2016",63900,8644,"Island County, WA","05000US53029","island-county-wa"
2,"Black",2016,"2016",59426,10838,"Thurston County, WA","05000US53067","thurston-county-wa"
0,"Total",2016,"2016",62508,4039,"Benton County, WA","05000US53005","benton-county-wa"
8,"White Non-Hispanic",2016,"2016",58368,4683,"Whatcom County, WA","05000US53073","whatcom-county-wa"
7,"Two Or More",2016,"2016",50536,15834.000000000002,"Spokane County, WA","05000US53063","spokane-county-wa"
4,"Asian",2016,"2016",95862,4716,"King County, WA","05000US53033","king-county-wa"
2,"Black",2016,"2016",41352,26936,"Yakima County, WA","05000US53077","yakima-county-wa"
1,"White",2016,"2016",51741,4294,"Cowlitz County, WA","05000US53015","cowlitz-county-wa"
7,"Two Or More",2016,"2016",70094,10500,"Snohomish County, WA","05000US53061","snohomish-county-wa"
4,"Asian",2016,"2016",77077,11886,"Kitsap County, WA","05000US53035","kitsap-county-wa"
0,"Total",2016,"2016",50637,4377,"Cowlitz County, WA","05000US53015","cowlitz-county-wa"
1,"White",2016,"2016",44305,4859,"Lewis County, WA","05000US53041","lewis-county-wa"
9,"Hispanic",2016,"2016",62480,3389.0000000000005,"King County, WA","05000US53033","king-county-wa"
4,"Asian",2016,"2016",73587,37456,"Lewis County, WA","05000US53041","lewis-county-wa"
0,"Total",2016,"2016",48965,3169,"Yakima County, WA","05000US53077","yakima-county-wa"
7,"Two Or More",2016,"2016",65167,26683,"Skagit County, WA","05000US53057","skagit-county-wa"
8,"White Non-Hispanic",2016,"2016",68811,3438.9999999999995,"Thurston County, WA","05000US53067","thurston-county-wa"
4,"Asian",2016,"2016",60739,8610,"Pierce County, WA","05000US53053","pierce-county-wa"
2,"Black",2016,"2016",57952,44848,"Benton County, WA","05000US53005","benton-county-wa"
7,"Two Or More",2016,"2016",49513,6307,"Pierce County, WA","05000US53053","pierce-county-wa"
0,"Total",2016,"2016",86095,1584,"King County, WA","05000US53033","king-county-wa"
3,"Native American",2016,"2016",32835,6790.000000000001,"Clallam County, WA","05000US53009","clallam-county-wa"
1,"White",2016,"2016",50217,3663.0000000000005,"Grant County, WA","05000US53025","grant-county-wa"
7,"Two Or More",2016,"2016",51746,25494,"Lewis County, WA","05000US53041","lewis-county-wa"
2,"Black",2016,"2016",30448,10240,"Clallam County, WA","05000US53009","clallam-county-wa"
4,"Asian",2016,"2016",98079,13505,"Snohomish County, WA","05000US53061","snohomish-county-wa"
8,"White Non-Hispanic",2016,"2016",53818,2117,"Spokane County, WA","05000US53063","spokane-county-wa"
7,"Two Or More",2016,"2016",66619,11576,"Kitsap County, WA","05000US53035","kitsap-county-wa"
9,"Hispanic",2016,"2016",60701,6765,"Snohomish County, WA","05000US53061","snohomish-county-wa"
4,"Asian",2016,"2016",46778,13198,"Spokane County, WA","05000US53063","spokane-county-wa"
3,"Native American",2016,"2016",26984,22768,"Clark County, WA","05000US53011","clark-county-wa"
9,"Hispanic",2016,"2016",46099,15852,"Island County, WA","05000US53029","island-county-wa"
7,"Two Or More",2016,"2016",63926,8627,"King County, WA","05000US53033","king-county-wa"
8,"White Non-Hispanic",2016,"2016",80288,1743.0000000000002,"Snohomish County, WA","05000US53061","snohomish-county-wa"
4,"Asian",2016,"2016",56150,28368.000000000004,"Thurston County, WA","05000US53067","thurston-county-wa"
2,"Black",2016,"2016",54398,14478.999999999998,"Clark County, WA","05000US53011","clark-county-wa"
0,"Total",2016,"2016",56411,4819,"Whatcom County, WA","05000US53073","whatcom-county-wa"
7,"Two Or More",2016,"2016",69055,19684,"Island County, WA","05000US53029","island-county-wa"
9,"Hispanic",2016,"2016",41146,2180,"Yakima County, WA","05000US53077","yakima-county-wa"
4,"Asian",2016,"2016",68764,25775,"Whatcom County, WA","05000US53073","whatcom-county-wa"
3,"Native American",2016,"2016",17445,13109,"Franklin County, WA","05000US53021","franklin-county-wa"
7,"Two Or More",2016,"2016",51163,34323,"Grays Harbor County, WA","05000US53027","grays-harbor-county-wa"
0,"Total",2016,"2016",69171,3934.9999999999995,"Kitsap County, WA","05000US53035","kitsap-county-wa"
4,"Asian",2016,"2016",41884,40625,"Yakima County, WA","05000US53077","yakima-county-wa"
0,"Total",2016,"2016",48587,5198,"Clallam County, WA","05000US53009","clallam-county-wa"
1,"White",2016,"2016",79495,1748.0000000000002,"Snohomish County, WA","05000US53061","snohomish-county-wa"
5,"Pacific Islander",2016,"2016",48694,15525.999999999998,"Clark County, WA","05000US53011","clark-county-wa"
1,"White",2016,"2016",70571,2611,"Clark County, WA","05000US53011","clark-county-wa"
7,"Two Or More",2016,"2016",48189,41665,"Grant County, WA","05000US53025","grant-county-wa"
8,"White Non-Hispanic",2016,"2016",61910,4556,"Skagit County, WA","05000US53057","skagit-county-wa"
6,"Other",2016,"2016",60458,3625.9999999999995,"King County, WA","05000US53033","king-county-wa"
5,"Pacific Islander",2016,"2016",60523,28024,"King County, WA","05000US53033","king-county-wa"
3,"Native American",2016,"2016",44066,18359,"Grays Harbor County, WA","05000US53027","grays-harbor-county-wa"
9,"Hispanic",2016,"2016",40320,15966,"Grays Harbor County, WA","05000US53027","grays-harbor-county-wa"
7,"Two Or More",2016,"2016",58849,41693,"Franklin County, WA","05000US53021","franklin-county-wa"
8,"White Non-Hispanic",2016,"2016",69677,1911.9999999999998,"Pierce County, WA","05000US53053","pierce-county-wa"
5,"Pacific Islander",2016,"2016",108162,70220,"Kitsap County, WA","05000US53035","kitsap-county-wa"
3,"Native American",2016,"2016",87560,75170,"Island County, WA","05000US53029","island-county-wa"
0,"Total",2016,"2016",65783,2620,"Thurston County, WA","05000US53067","thurston-county-wa"
7,"Two Or More",2016,"2016",41959,11007,"Cowlitz County, WA","05000US53015","cowlitz-county-wa"
2,"Black",2016,"2016",40714,7674,"Franklin County, WA","05000US53021","franklin-county-wa"
7,"Two Or More",2016,"2016",54034,17112,"Clark County, WA","05000US53011","clark-county-wa"
5,"Pacific Islander",2016,"2016",80482,35941,"Pierce County, WA","05000US53053","pierce-county-wa"
0,"Total",2016,"2016",57670,5643,"Franklin County, WA","05000US53021","franklin-county-wa"
1,"White",2016,"2016",50068,4147,"Grays Harbor County, WA","05000US53027","grays-harbor-county-wa"
7,"Two Or More",2016,"2016",46636,13536.999999999998,"Clallam County, WA","05000US53009","clallam-county-wa"
2,"Black",2016,"2016",45033,35966,"Grant County, WA","05000US53025","grant-county-wa"
0,"Total",2016,"2016",45523,5044,"Lewis County, WA","05000US53041","lewis-county-wa"
5,"Pacific Islander",2016,"2016",57965,14428.999999999998,"Snohomish County, WA","05000US53061","snohomish-county-wa"
3,"Native American",2016,"2016",43199,19937,"King County, WA","05000US53033","king-county-wa"
9,"Hispanic",2016,"2016",60588,13006,"Skagit County, WA","05000US53057","skagit-county-wa"
5,"Pacific Islander",2016,"2016",31829,17680,"Spokane County, WA","05000US53063","spokane-county-wa"
8,"White Non-Hispanic",2016,"2016",45453,4977,"Lewis County, WA","05000US53041","lewis-county-wa"
9,"Hispanic",2016,"2016",60719,11495,"Thurston County, WA","05000US53067","thurston-county-wa"
8,"White Non-Hispanic",2016,"2016",70669,4125,"Kitsap County, WA","05000US53035","kitsap-county-wa"
5,"Pacific Islander",2016,"2016",34258,2124,"Thurston County, WA","05000US53067","thurston-county-wa"
0,"Total",2016,"2016",53043,1910.0000000000002,"Spokane County, WA","05000US53063","spokane-county-wa"
7,"Two Or More",2016,"2016",57768,34735,"Benton County, WA","05000US53005","benton-county-wa"
3,"Native American",2016,"2016",74191,25171,"Kitsap County, WA","05000US53035","kitsap-county-wa"
6,"Other",2016,"2016",44478,12068,"Yakima County, WA","05000US53077","yakima-county-wa"
6,"Other",2016,"2016",45609,22926,"Benton County, WA","05000US53005","benton-county-wa"
9,"Hispanic",2016,"2016",45351,10180,"Grant County, WA","05000US53025","grant-county-wa"
2,"Black",2016,"2016",64725,51778,"Island County, WA","05000US53029","island-county-wa"
6,"Other",2016,"2016",66130,25216,"Whatcom County, WA","05000US53073","whatcom-county-wa"
1,"White",2016,"2016",53819,2061,"Spokane County, WA","05000US53063","spokane-county-wa"
6,"Other",2016,"2016",50820,16970,"Thurston County, WA","05000US53067","thurston-county-wa"
6,"Other",2016,"2016",38567,7007.000000000001,"Clallam County, WA","05000US53009","clallam-county-wa"
0,"Total",2016,"2016",64434,1873,"Pierce County, WA","05000US53053","pierce-county-wa"
6,"Other",2016,"2016",46260,24839,"Spokane County, WA","05000US53063","spokane-county-wa"
6,"Other",2016,"2016",42207,17420,"Clark County, WA","05000US53011","clark-county-wa"
1,"White",2016,"2016",50315,5349,"Clallam County, WA","05000US53009","clallam-county-wa"
1,"White",2016,"2016",70579,4097,"Kitsap County, WA","05000US53035","kitsap-county-wa"
8,"White Non-Hispanic",2016,"2016",92431,1804,"King County, WA","05000US53033","king-county-wa"
6,"Other",2016,"2016",28781,12940,"Cowlitz County, WA","05000US53015","cowlitz-county-wa"
3,"Native American",2016,"2016",56906,18086,"Pierce County, WA","05000US53053","pierce-county-wa"
9,"Hispanic",2016,"2016",48496,10408,"Franklin County, WA","05000US53021","franklin-county-wa"
6,"Other",2016,"2016",61851,9931,"Snohomish County, WA","05000US53061","snohomish-county-wa"
2,"Black",2016,"2016",45797,6297,"King County, WA","05000US53033","king-county-wa"
6,"Other",2016,"2016",50555,14451,"Franklin County, WA","05000US53021","franklin-county-wa"
8,"White Non-Hispanic",2016,"2016",66096,4059,"Island County, WA","05000US53029","island-county-wa"
0,"Total",2016,"2016",78716,1676,"Snohomish County, WA","05000US53061","snohomish-county-wa"
6,"Other",2016,"2016",60829,20152,"Skagit County, WA","05000US53057","skagit-county-wa"
0,"Total",2016,"2016",48335,3255,"Grant County, WA","05000US53025","grant-county-wa"
6,"Other",2016,"2016",44770,13210,"Grant County, WA","05000US53025","grant-county-wa"
9,"Hispanic",2016,"2016",50129,2628,"Pierce County, WA","05000US53053","pierce-county-wa"
6,"Other",2016,"2016",47896,9954,"Pierce County, WA","05000US53053","pierce-county-wa"
6,"Other",2016,"2016",83806,21054,"Lewis County, WA","05000US53041","lewis-county-wa"
6,"Other",2016,"2016",53188,51236,"Island County, WA","05000US53029","island-county-wa"
0,"Total",2016,"2016",60983,3696.9999999999995,"Skagit County, WA","05000US53057","skagit-county-wa"
6,"Other",2016,"2016",45964,8277,"Kitsap County, WA","05000US53035","kitsap-county-wa"
0,"Total",2016,"2016",52080,8980,"Chelan County, WA","05000US53007","chelan-county-wa"
8,"White Non-Hispanic",2016,"2016",51116,4273,"Grays Harbor County, WA","05000US53027","grays-harbor-county-wa"
8,"White Non-Hispanic",2015,"2015",54874,6892.999999999999,"Grant County, WA","05000US53025","grant-county-wa"
1,"White",2015,"2015",86636,1735.0000000000002,"King County, WA","05000US53033","king-county-wa"
6,"Other",2015,"2015",46619,3654,"King County, WA","05000US53033","king-county-wa"
6,"Other",2015,"2015",42188,6718,"Lewis County, WA","05000US53041","lewis-county-wa"
0,"Total",2015,"2015",57122,4977,"Skagit County, WA","05000US53057","skagit-county-wa"
6,"Other",2015,"2015",39204,9381,"Pierce County, WA","05000US53053","pierce-county-wa"
0,"Total",2015,"2015",76251,1728,"Snohomish County, WA","05000US53061","snohomish-county-wa"
6,"Other",2015,"2015",49732,9873,"Grant County, WA","05000US53025","grant-county-wa"
6,"Other",2015,"2015",36790,16852,"Skagit County, WA","05000US53057","skagit-county-wa"
6,"Other",2015,"2015",45516,11137,"Franklin County, WA","05000US53021","franklin-county-wa"
6,"Other",2015,"2015",50495,11794,"Snohomish County, WA","05000US53061","snohomish-county-wa"
6,"Other",2015,"2015",40281,31365,"Cowlitz County, WA","05000US53015","cowlitz-county-wa"
6,"Other",2015,"2015",46250,22618,"Clark County, WA","05000US53011","clark-county-wa"
6,"Other",2015,"2015",54500,43146,"Thurston County, WA","05000US53067","thurston-county-wa"
0,"Total",2015,"2015",60167,1296,"Pierce County, WA","05000US53053","pierce-county-wa"
6,"Other",2015,"2015",41726,14501,"Whatcom County, WA","05000US53073","whatcom-county-wa"
6,"Other",2015,"2015",58707,8868,"Chelan County, WA","05000US53007","chelan-county-wa"
0,"Total",2015,"2015",48525,1533,"Spokane County, WA","05000US53063","spokane-county-wa"
6,"Other",2015,"2015",37400,5287,"Yakima County, WA","05000US53077","yakima-county-wa"
6,"Other",2015,"2015",36358,11599,"Benton County, WA","05000US53005","benton-county-wa"
5,"Pacific Islander",2015,"2015",27105,9169,"Whatcom County, WA","05000US53073","whatcom-county-wa"
5,"Pacific Islander",2015,"2015",52131,35104,"Thurston County, WA","05000US53067","thurston-county-wa"
7,"Two Or More",2015,"2015",41461,10229,"Clallam County, WA","05000US53009","clallam-county-wa"
0,"Total",2015,"2015",48179,4864,"Lewis County, WA","05000US53041","lewis-county-wa"
7,"Two Or More",2015,"2015",49440,6280,"Clark County, WA","05000US53011","clark-county-wa"
5,"Pacific Islander",2015,"2015",49048,12132,"Pierce County, WA","05000US53053","pierce-county-wa"
7,"Two Or More",2015,"2015",48269,21860,"Cowlitz County, WA","05000US53015","cowlitz-county-wa"
0,"Total",2015,"2015",62137,3953,"Thurston County, WA","05000US53067","thurston-county-wa"
5,"Pacific Islander",2015,"2015",66538,66521,"Kitsap County, WA","05000US53035","kitsap-county-wa"
7,"Two Or More",2015,"2015",41132,20806,"Franklin County, WA","05000US53021","franklin-county-wa"
5,"Pacific Islander",2015,"2015",79512,10538,"King County, WA","05000US53033","king-county-wa"
7,"Two Or More",2015,"2015",115595,76489,"Grant County, WA","05000US53025","grant-county-wa"
0,"Total",2015,"2015",55016,3235,"Whatcom County, WA","05000US53073","whatcom-county-wa"
7,"Two Or More",2015,"2015",65549,27635,"Grays Harbor County, WA","05000US53027","grays-harbor-county-wa"
4,"Asian",2015,"2015",73942,37665,"Whatcom County, WA","05000US53073","whatcom-county-wa"
7,"Two Or More",2015,"2015",91140,37417,"Island County, WA","05000US53029","island-county-wa"
4,"Asian",2015,"2015",87260,19797,"Thurston County, WA","05000US53067","thurston-county-wa"
0,"Total",2015,"2015",66090,3036,"Kitsap County, WA","05000US53035","kitsap-county-wa"
7,"Two Or More",2015,"2015",71116,3408.9999999999995,"King County, WA","05000US53033","king-county-wa"
4,"Asian",2015,"2015",40469,20357,"Spokane County, WA","05000US53063","spokane-county-wa"
7,"Two Or More",2015,"2015",62319,12084,"Kitsap County, WA","05000US53035","kitsap-county-wa"
4,"Asian",2015,"2015",88569,8743,"Snohomish County, WA","05000US53061","snohomish-county-wa"
7,"Two Or More",2015,"2015",24437,9674,"Lewis County, WA","05000US53041","lewis-county-wa"
4,"Asian",2015,"2015",44981,1862.0000000000002,"Skagit County, WA","05000US53057","skagit-county-wa"
7,"Two Or More",2015,"2015",53316,5986,"Pierce County, WA","05000US53053","pierce-county-wa"
0,"Total",2015,"2015",47223,1890,"Yakima County, WA","05000US53077","yakima-county-wa"
4,"Asian",2015,"2015",62579,7729,"Pierce County, WA","05000US53053","pierce-county-wa"
0,"Total",2015,"2015",81916,1129,"King County, WA","05000US53033","king-county-wa"
7,"Two Or More",2015,"2015",32738,14044.000000000002,"Skagit County, WA","05000US53057","skagit-county-wa"
4,"Asian",2015,"2015",36201,29183,"Lewis County, WA","05000US53041","lewis-county-wa"
7,"Two Or More",2015,"2015",80346,11596,"Snohomish County, WA","05000US53061","snohomish-county-wa"
4,"Asian",2015,"2015",82687,6169,"Kitsap County, WA","05000US53035","kitsap-county-wa"
7,"Two Or More",2015,"2015",44454,13868,"Spokane County, WA","05000US53063","spokane-county-wa"
4,"Asian",2015,"2015",95540,3526.0000000000005,"King County, WA","05000US53033","king-county-wa"
7,"Two Or More",2015,"2015",68877,28108.000000000004,"Thurston County, WA","05000US53067","thurston-county-wa"
4,"Asian",2015,"2015",107574,75590,"Island County, WA","05000US53029","island-county-wa"
1,"White",2015,"2015",66038,4868,"Benton County, WA","05000US53005","benton-county-wa"
7,"Two Or More",2015,"2015",30922,18894,"Whatcom County, WA","05000US53073","whatcom-county-wa"
4,"Asian",2015,"2015",85206,44212,"Grays Harbor County, WA","05000US53027","grays-harbor-county-wa"
0,"Total",2015,"2015",60532,4366,"Island County, WA","05000US53029","island-county-wa"
7,"Two Or More",2015,"2015",41925,8609,"Yakima County, WA","05000US53077","yakima-county-wa"
4,"Asian",2015,"2015",49444,16310,"Franklin County, WA","05000US53021","franklin-county-wa"
8,"White Non-Hispanic",2015,"2015",68856,4137,"Benton County, WA","05000US53005","benton-county-wa"
4,"Asian",2015,"2015",65463,7605,"Clark County, WA","05000US53011","clark-county-wa"
8,"White Non-Hispanic",2015,"2015",58703,5110,"Chelan County, WA","05000US53007","chelan-county-wa"
8,"White Non-Hispanic",2015,"2015",45454,4371,"Clallam County, WA","05000US53009","clallam-county-wa"
4,"Asian",2015,"2015",63455,17115,"Benton County, WA","05000US53005","benton-county-wa"
3,"Native American",2015,"2015",45723,4599,"Yakima County, WA","05000US53077","yakima-county-wa"
8,"White Non-Hispanic",2015,"2015",66778,1958.0000000000002,"Clark County, WA","05000US53011","clark-county-wa"
1,"White",2015,"2015",56161,5904,"Chelan County, WA","05000US53007","chelan-county-wa"
0,"Total",2015,"2015",44122,5518,"Grays Harbor County, WA","05000US53027","grays-harbor-county-wa"
8,"White Non-Hispanic",2015,"2015",52858,5513,"Cowlitz County, WA","05000US53015","cowlitz-county-wa"
3,"Native American",2015,"2015",19071,10673,"Whatcom County, WA","05000US53073","whatcom-county-wa"
8,"White Non-Hispanic",2015,"2015",76636,3567.0000000000005,"Franklin County, WA","05000US53021","franklin-county-wa"
3,"Native American",2015,"2015",23554,7388,"Thurston County, WA","05000US53067","thurston-county-wa"
6,"Other",2015,"2015",47200,33255,"Kitsap County, WA","05000US53035","kitsap-county-wa"
3,"Native American",2015,"2015",45393,13828,"Spokane County, WA","05000US53063","spokane-county-wa"
3,"Native American",2015,"2015",41053,11305,"Snohomish County, WA","05000US53061","snohomish-county-wa"
8,"White Non-Hispanic",2015,"2015",44852,5370,"Grays Harbor County, WA","05000US53027","grays-harbor-county-wa"
3,"Native American",2015,"2015",37689,16712,"Skagit County, WA","05000US53057","skagit-county-wa"
8,"White Non-Hispanic",2015,"2015",60525,5209,"Island County, WA","05000US53029","island-county-wa"
1,"White",2015,"2015",45710,3749.0000000000005,"Clallam County, WA","05000US53009","clallam-county-wa"
0,"Total",2015,"2015",51667,3855.0000000000005,"Grant County, WA","05000US53025","grant-county-wa"
8,"White Non-Hispanic",2015,"2015",88438,2694,"King County, WA","05000US53033","king-county-wa"
3,"Native American",2015,"2015",52565,21146,"Pierce County, WA","05000US53053","pierce-county-wa"
8,"White Non-Hispanic",2015,"2015",65846,3560.9999999999995,"Kitsap County, WA","05000US53035","kitsap-county-wa"
3,"Native American",2015,"2015",62250,59909,"Kitsap County, WA","05000US53035","kitsap-county-wa"
8,"White Non-Hispanic",2015,"2015",50595,4101,"Lewis County, WA","05000US53041","lewis-county-wa"
3,"Native American",2015,"2015",45657,10443,"King County, WA","05000US53033","king-county-wa"
1,"White",2015,"2015",65993,1936,"Clark County, WA","05000US53011","clark-county-wa"
8,"White Non-Hispanic",2015,"2015",62948,2687,"Pierce County, WA","05000US53053","pierce-county-wa"
3,"Native American",2015,"2015",84134,73918,"Island County, WA","05000US53029","island-county-wa"
3,"Native American",2015,"2015",38145,16067,"Grays Harbor County, WA","05000US53027","grays-harbor-county-wa"
0,"Total",2015,"2015",59664,3278,"Franklin County, WA","05000US53021","franklin-county-wa"
8,"White Non-Hispanic",2015,"2015",61220,4692,"Skagit County, WA","05000US53057","skagit-county-wa"
3,"Native American",2015,"2015",30522,14243.999999999998,"Cowlitz County, WA","05000US53015","cowlitz-county-wa"
8,"White Non-Hispanic",2015,"2015",78163,2847,"Snohomish County, WA","05000US53061","snohomish-county-wa"
3,"Native American",2015,"2015",78261,42520,"Clark County, WA","05000US53011","clark-county-wa"
8,"White Non-Hispanic",2015,"2015",49530,1585,"Spokane County, WA","05000US53063","spokane-county-wa"
3,"Native American",2015,"2015",31974,9286,"Clallam County, WA","05000US53009","clallam-county-wa"
8,"White Non-Hispanic",2015,"2015",61697,3547,"Thurston County, WA","05000US53067","thurston-county-wa"
1,"White",2015,"2015",51716,5226,"Cowlitz County, WA","05000US53015","cowlitz-county-wa"
8,"White Non-Hispanic",2015,"2015",58194,4226,"Whatcom County, WA","05000US53073","whatcom-county-wa"
2,"Black",2015,"2015",26883,22363,"Yakima County, WA","05000US53077","yakima-county-wa"
2,"Black",2015,"2015",75549,15009,"Thurston County, WA","05000US53067","thurston-county-wa"
0,"Total",2015,"2015",49949,3646.9999999999995,"Cowlitz County, WA","05000US53015","cowlitz-county-wa"
8,"White Non-Hispanic",2015,"2015",51325,3466,"Yakima County, WA","05000US53077","yakima-county-wa"
2,"Black",2015,"2015",28444,5721,"Spokane County, WA","05000US53063","spokane-county-wa"
9,"Hispanic",2015,"2015",38621,3926.0000000000005,"Benton County, WA","05000US53005","benton-county-wa"
9,"Hispanic",2015,"2015",41682,26411,"Chelan County, WA","05000US53007","chelan-county-wa"
2,"Black",2015,"2015",60486,13549,"Snohomish County, WA","05000US53061","snohomish-county-wa"
9,"Hispanic",2015,"2015",46265,34108,"Clallam County, WA","05000US53009","clallam-county-wa"
1,"White",2015,"2015",61466,6395,"Franklin County, WA","05000US53021","franklin-county-wa"
2,"Black",2015,"2015",47755,5275,"Pierce County, WA","05000US53053","pierce-county-wa"
9,"Hispanic",2015,"2015",42489,9396,"Clark County, WA","05000US53011","clark-county-wa"
0,"Total",2015,"2015",64275,2931,"Clark County, WA","05000US53011","clark-county-wa"
9,"Hispanic",2015,"2015",28533,12143,"Cowlitz County, WA","05000US53015","cowlitz-county-wa"
2,"Black",2015,"2015",39559,22615,"Kitsap County, WA","05000US53035","kitsap-county-wa"
9,"Hispanic",2015,"2015",45600,8474,"Franklin County, WA","05000US53021","franklin-county-wa"
2,"Black",2015,"2015",42282,5427,"King County, WA","05000US53033","king-county-wa"
9,"Hispanic",2015,"2015",49150,6179,"Grant County, WA","05000US53025","grant-county-wa"
2,"Black",2015,"2015",70330,10167,"Island County, WA","05000US53029","island-county-wa"
9,"Hispanic",2015,"2015",40175,22062,"Grays Harbor County, WA","05000US53027","grays-harbor-county-wa"
2,"Black",2015,"2015",51667,25423,"Cowlitz County, WA","05000US53015","cowlitz-county-wa"
1,"White",2015,"2015",52183,5286,"Grant County, WA","05000US53025","grant-county-wa"
9,"Hispanic",2015,"2015",28251,11653,"Island County, WA","05000US53029","island-county-wa"
2,"Black",2015,"2015",40861,12878,"Clark County, WA","05000US53011","clark-county-wa"
0,"Total",2015,"2015",44929,4018,"Clallam County, WA","05000US53009","clallam-county-wa"
9,"Hispanic",2015,"2015",54926,4452,"King County, WA","05000US53033","king-county-wa"
1,"White",2015,"2015",48641,2009,"Yakima County, WA","05000US53077","yakima-county-wa"
9,"Hispanic",2015,"2015",69511,9095,"Kitsap County, WA","05000US53035","kitsap-county-wa"
1,"White",2015,"2015",57472,3868,"Whatcom County, WA","05000US53073","whatcom-county-wa"
9,"Hispanic",2015,"2015",43054,13506.000000000002,"Lewis County, WA","05000US53041","lewis-county-wa"
1,"White",2015,"2015",61673,3694,"Thurston County, WA","05000US53067","thurston-county-wa"
9,"Hispanic",2015,"2015",46709,5116,"Pierce County, WA","05000US53053","pierce-county-wa"
1,"White",2015,"2015",42876,4670,"Grays Harbor County, WA","05000US53027","grays-harbor-county-wa"
1,"White",2015,"2015",49510,1642,"Spokane County, WA","05000US53063","spokane-county-wa"
0,"Total",2015,"2015",56890,5321,"Chelan County, WA","05000US53007","chelan-county-wa"
9,"Hispanic",2015,"2015",37971,11513,"Skagit County, WA","05000US53057","skagit-county-wa"
1,"White",2015,"2015",76552,1832,"Snohomish County, WA","05000US53061","snohomish-county-wa"
9,"Hispanic",2015,"2015",50429,6452,"Snohomish County, WA","05000US53061","snohomish-county-wa"
1,"White",2015,"2015",60581,3722,"Skagit County, WA","05000US53057","skagit-county-wa"
9,"Hispanic",2015,"2015",43920,19954,"Spokane County, WA","05000US53063","spokane-county-wa"
1,"White",2015,"2015",62169,1857,"Pierce County, WA","05000US53053","pierce-county-wa"
9,"Hispanic",2015,"2015",53580,15867,"Thurston County, WA","05000US53067","thurston-county-wa"
1,"White",2015,"2015",58989,5155,"Island County, WA","05000US53029","island-county-wa"
1,"White",2015,"2015",50085,4178,"Lewis County, WA","05000US53041","lewis-county-wa"
9,"Hispanic",2015,"2015",41459,9676,"Whatcom County, WA","05000US53073","whatcom-county-wa"
1,"White",2015,"2015",66209,3536.0000000000005,"Kitsap County, WA","05000US53035","kitsap-county-wa"
0,"Total",2015,"2015",62484,3256,"Benton County, WA","05000US53005","benton-county-wa"
9,"Hispanic",2015,"2015",41782,4127,"Yakima County, WA","05000US53077","yakima-county-wa"
6,"Other",2014,"2014",48922,19944,"Franklin County, WA","05000US53021","franklin-county-wa"
3,"Native American",2014,"2014",15905,13443,"Thurston County, WA","05000US53067","thurston-county-wa"
6,"Other",2014,"2014",56303,12680,"Kitsap County, WA","05000US53035","kitsap-county-wa"
6,"Other",2014,"2014",36017,11093,"Benton County, WA","05000US53005","benton-county-wa"
7,"Two Or More",2014,"2014",66423,6263,"King County, WA","05000US53033","king-county-wa"
3,"Native American",2014,"2014",27047,8126.000000000001,"Spokane County, WA","05000US53063","spokane-county-wa"
7,"Two Or More",2014,"2014",32013,8554,"Benton County, WA","05000US53005","benton-county-wa"
8,"White Non-Hispanic",2014,"2014",43595,2573,"Grays Harbor County, WA","05000US53027","grays-harbor-county-wa"
4,"Asian",2014,"2014",70778,21018,"Thurston County, WA","05000US53067","thurston-county-wa"
3,"Native American",2014,"2014",50238,23161,"Snohomish County, WA","05000US53061","snohomish-county-wa"
1,"White",2014,"2014",46998,5477,"Clallam County, WA","05000US53009","clallam-county-wa"
1,"White",2014,"2014",80804,1313,"King County, WA","05000US53033","king-county-wa"
8,"White Non-Hispanic",2014,"2014",61695,5014,"Island County, WA","05000US53029","island-county-wa"
0,"Total",2014,"2014",61794,2426,"Kitsap County, WA","05000US53035","kitsap-county-wa"
3,"Native American",2014,"2014",38832,17173,"Skagit County, WA","05000US53057","skagit-county-wa"
7,"Two Or More",2014,"2014",43643,11711,"Kitsap County, WA","05000US53035","kitsap-county-wa"
6,"Other",2014,"2014",35330,11786,"Cowlitz County, WA","05000US53015","cowlitz-county-wa"
8,"White Non-Hispanic",2014,"2014",82286,1671,"King County, WA","05000US53033","king-county-wa"
4,"Asian",2014,"2014",49873,32296.000000000004,"Spokane County, WA","05000US53063","spokane-county-wa"
5,"Pacific Islander",2014,"2014",11995,6259,"Spokane County, WA","05000US53063","spokane-county-wa"
3,"Native American",2014,"2014",51127,7996,"Pierce County, WA","05000US53053","pierce-county-wa"
0,"Total",2014,"2014",51949,3655,"Grant County, WA","05000US53025","grant-county-wa"
8,"White Non-Hispanic",2014,"2014",63449,3558,"Kitsap County, WA","05000US53035","kitsap-county-wa"
7,"Two Or More",2014,"2014",36106,31808.999999999996,"Lewis County, WA","05000US53041","lewis-county-wa"
5,"Pacific Islander",2014,"2014",37194,11883,"Snohomish County, WA","05000US53061","snohomish-county-wa"
3,"Native American",2014,"2014",43409,37419,"Kitsap County, WA","05000US53035","kitsap-county-wa"
8,"White Non-Hispanic",2014,"2014",45073,5520,"Lewis County, WA","05000US53041","lewis-county-wa"
4,"Asian",2014,"2014",78573,5285,"Snohomish County, WA","05000US53061","snohomish-county-wa"
1,"White",2014,"2014",63044,1830,"Clark County, WA","05000US53011","clark-county-wa"
0,"Total",2014,"2014",44648,2625,"Yakima County, WA","05000US53077","yakima-county-wa"
3,"Native American",2014,"2014",28550,10006,"King County, WA","05000US53033","king-county-wa"
7,"Two Or More",2014,"2014",57554,33169,"Clallam County, WA","05000US53009","clallam-county-wa"
8,"White Non-Hispanic",2014,"2014",63991,2700,"Pierce County, WA","05000US53053","pierce-county-wa"
4,"Asian",2014,"2014",55429,20343,"Skagit County, WA","05000US53057","skagit-county-wa"
7,"Two Or More",2014,"2014",56171,5221,"Pierce County, WA","05000US53053","pierce-county-wa"
6,"Other",2014,"2014",48500,24134,"Spokane County, WA","05000US53063","spokane-county-wa"
5,"Pacific Islander",2014,"2014",99741,81371,"Skagit County, WA","05000US53057","skagit-county-wa"
8,"White Non-Hispanic",2014,"2014",52430,5294,"Skagit County, WA","05000US53057","skagit-county-wa"
0,"Total",2014,"2014",61609,2827,"Thurston County, WA","05000US53067","thurston-county-wa"
3,"Native American",2014,"2014",33841,8353,"Grays Harbor County, WA","05000US53027","grays-harbor-county-wa"
0,"Total",2014,"2014",50558,2791,"Skagit County, WA","05000US53057","skagit-county-wa"
0,"Total",2014,"2014",57890,5679,"Franklin County, WA","05000US53021","franklin-county-wa"
8,"White Non-Hispanic",2014,"2014",73597,2326,"Snohomish County, WA","05000US53061","snohomish-county-wa"
7,"Two Or More",2014,"2014",68627,22646,"Skagit County, WA","05000US53057","skagit-county-wa"
3,"Native American",2014,"2014",31967,22280,"Cowlitz County, WA","05000US53015","cowlitz-county-wa"
7,"Two Or More",2014,"2014",54045,10250,"Clark County, WA","05000US53011","clark-county-wa"
8,"White Non-Hispanic",2014,"2014",51363,1749,"Spokane County, WA","05000US53063","spokane-county-wa"
4,"Asian",2014,"2014",52019,8166.000000000001,"Pierce County, WA","05000US53053","pierce-county-wa"
3,"Native American",2014,"2014",41378,9971,"Clark County, WA","05000US53011","clark-county-wa"
1,"White",2014,"2014",43611,3119,"Cowlitz County, WA","05000US53015","cowlitz-county-wa"
6,"Other",2014,"2014",43031,7768,"Clark County, WA","05000US53011","clark-county-wa"
8,"White Non-Hispanic",2014,"2014",61182,2734,"Thurston County, WA","05000US53067","thurston-county-wa"
0,"Total",2014,"2014",75834,1400,"King County, WA","05000US53033","king-county-wa"
3,"Native American",2014,"2014",35655,13619,"Clallam County, WA","05000US53009","clallam-county-wa"
7,"Two Or More",2014,"2014",80297,10116,"Snohomish County, WA","05000US53061","snohomish-county-wa"
3,"Native American",2014,"2014",24393,21438,"Benton County, WA","05000US53005","benton-county-wa"
8,"White Non-Hispanic",2014,"2014",55053,3251,"Whatcom County, WA","05000US53073","whatcom-county-wa"
6,"Other",2014,"2014",85771,43073,"Thurston County, WA","05000US53067","thurston-county-wa"
5,"Pacific Islander",2014,"2014",81466,8836,"Pierce County, WA","05000US53053","pierce-county-wa"
4,"Asian",2014,"2014",65663,15437,"Kitsap County, WA","05000US53035","kitsap-county-wa"
7,"Two Or More",2014,"2014",32106,8429,"Spokane County, WA","05000US53063","spokane-county-wa"
8,"White Non-Hispanic",2014,"2014",51209,3165,"Yakima County, WA","05000US53077","yakima-county-wa"
0,"Total",2014,"2014",43575,5037,"Lewis County, WA","05000US53041","lewis-county-wa"
2,"Black",2014,"2014",67712,20463,"Thurston County, WA","05000US53067","thurston-county-wa"
7,"Two Or More",2014,"2014",32257,16063.999999999998,"Cowlitz County, WA","05000US53015","cowlitz-county-wa"
0,"Total",2014,"2014",42223,2904,"Cowlitz County, WA","05000US53015","cowlitz-county-wa"
9,"Hispanic",2014,"2014",36457,7809.999999999999,"Benton County, WA","05000US53005","benton-county-wa"
4,"Asian",2014,"2014",83412,5813,"King County, WA","05000US53033","king-county-wa"
2,"Black",2014,"2014",30701,10608,"Spokane County, WA","05000US53063","spokane-county-wa"
1,"White",2014,"2014",58001,4945,"Franklin County, WA","05000US53021","franklin-county-wa"
9,"Hispanic",2014,"2014",42048,11372,"Chelan County, WA","05000US53007","chelan-county-wa"
1,"White",2014,"2014",60123,2649,"Benton County, WA","05000US53005","benton-county-wa"
7,"Two Or More",2014,"2014",63187,19826,"Thurston County, WA","05000US53067","thurston-county-wa"
2,"Black",2014,"2014",55601,17413,"Snohomish County, WA","05000US53061","snohomish-county-wa"
2,"Black",2014,"2014",34478,22492,"Skagit County, WA","05000US53057","skagit-county-wa"
9,"Hispanic",2014,"2014",38036,5670,"Clallam County, WA","05000US53009","clallam-county-wa"
6,"Other",2014,"2014",40787,17256,"Skagit County, WA","05000US53057","skagit-county-wa"
0,"Total",2014,"2014",50249,2060,"Spokane County, WA","05000US53063","spokane-county-wa"
4,"Asian",2014,"2014",43375,18121,"Island County, WA","05000US53029","island-county-wa"
9,"Hispanic",2014,"2014",43194,8054.000000000001,"Clark County, WA","05000US53011","clark-county-wa"
6,"Other",2014,"2014",42456,9028,"Pierce County, WA","05000US53053","pierce-county-wa"
2,"Black",2014,"2014",49618,3580.9999999999995,"Pierce County, WA","05000US53053","pierce-county-wa"
2,"Black",2014,"2014",37810,11070,"Lewis County, WA","05000US53041","lewis-county-wa"
7,"Two Or More",2014,"2014",34167,6406,"Whatcom County, WA","05000US53073","whatcom-county-wa"
9,"Hispanic",2014,"2014",35523,9177,"Cowlitz County, WA","05000US53015","cowlitz-county-wa"
7,"Two Or More",2014,"2014",96182,88801,"Franklin County, WA","05000US53021","franklin-county-wa"
6,"Other",2014,"2014",31274,23430,"Whatcom County, WA","05000US53073","whatcom-county-wa"
2,"Black",2014,"2014",46152,25896,"Kitsap County, WA","05000US53035","kitsap-county-wa"
0,"Total",2014,"2014",61741,1371,"Clark County, WA","05000US53011","clark-county-wa"
9,"Hispanic",2014,"2014",48982,10016,"Franklin County, WA","05000US53021","franklin-county-wa"
4,"Asian",2014,"2014",57189,16503,"Grays Harbor County, WA","05000US53027","grays-harbor-county-wa"
5,"Pacific Islander",2014,"2014",49646,40351,"Kitsap County, WA","05000US53035","kitsap-county-wa"
2,"Black",2014,"2014",38838,4327,"King County, WA","05000US53033","king-county-wa"
9,"Hispanic",2014,"2014",53321,6753.000000000001,"Grant County, WA","05000US53025","grant-county-wa"
7,"Two Or More",2014,"2014",50025,21268,"Yakima County, WA","05000US53077","yakima-county-wa"
6,"Other",2014,"2014",51305,16537,"Grant County, WA","05000US53025","grant-county-wa"
2,"Black",2014,"2014",68374,27720.999999999996,"Island County, WA","05000US53029","island-county-wa"
2,"Black",2014,"2014",53604,32199,"Grant County, WA","05000US53025","grant-county-wa"
9,"Hispanic",2014,"2014",32706,11244,"Grays Harbor County, WA","05000US53027","grays-harbor-county-wa"
5,"Pacific Islander",2014,"2014",61326,20759,"King County, WA","05000US53033","king-county-wa"
1,"White",2014,"2014",52352,4981,"Grant County, WA","05000US53025","grant-county-wa"
4,"Asian",2014,"2014",89012,44966,"Franklin County, WA","05000US53021","franklin-county-wa"
0,"Total",2014,"2014",59934,4322,"Island County, WA","05000US53029","island-county-wa"
9,"Hispanic",2014,"2014",41250,25488,"Island County, WA","05000US53029","island-county-wa"
8,"White Non-Hispanic",2014,"2014",61236,2979,"Benton County, WA","05000US53005","benton-county-wa"
7,"Two Or More",2014,"2014",44652,13480,"Grant County, WA","05000US53025","grant-county-wa"
2,"Black",2014,"2014",43281,19294,"Clark County, WA","05000US53011","clark-county-wa"
4,"Asian",2014,"2014",29094,27800.999999999996,"Cowlitz County, WA","05000US53015","cowlitz-county-wa"
9,"Hispanic",2014,"2014",51314,4108,"King County, WA","05000US53033","king-county-wa"
6,"Other",2014,"2014",43833,4836,"King County, WA","05000US53033","king-county-wa"
2,"Black",2014,"2014",36350,34507,"Benton County, WA","05000US53005","benton-county-wa"
8,"White Non-Hispanic",2014,"2014",51511,5808,"Chelan County, WA","05000US53007","chelan-county-wa"
0,"Total",2014,"2014",46469,4951,"Clallam County, WA","05000US53009","clallam-county-wa"
9,"Hispanic",2014,"2014",56546,6217,"Kitsap County, WA","05000US53035","kitsap-county-wa"
0,"Total",2014,"2014",53665,2845,"Whatcom County, WA","05000US53073","whatcom-county-wa"
1,"White",2014,"2014",43977,2976,"Yakima County, WA","05000US53077","yakima-county-wa"
4,"Asian",2014,"2014",69874,7639,"Clark County, WA","05000US53011","clark-county-wa"
9,"Hispanic",2014,"2014",39116,26559,"Lewis County, WA","05000US53041","lewis-county-wa"
4,"Asian",2014,"2014",56619,26140,"Clallam County, WA","05000US53009","clallam-county-wa"
1,"White",2014,"2014",54890,3415.0000000000005,"Whatcom County, WA","05000US53073","whatcom-county-wa"
1,"White",2014,"2014",43247,2656,"Grays Harbor County, WA","05000US53027","grays-harbor-county-wa"
1,"White",2014,"2014",50406,6242,"Chelan County, WA","05000US53007","chelan-county-wa"
1,"White",2014,"2014",61472,2893,"Thurston County, WA","05000US53067","thurston-county-wa"
9,"Hispanic",2014,"2014",47213,7153,"Pierce County, WA","05000US53053","pierce-county-wa"
8,"White Non-Hispanic",2014,"2014",48433,5321,"Clallam County, WA","05000US53009","clallam-county-wa"
6,"Other",2014,"2014",61097,18520,"Snohomish County, WA","05000US53061","snohomish-county-wa"
4,"Asian",2014,"2014",52207,45770,"Yakima County, WA","05000US53077","yakima-county-wa"
4,"Asian",2014,"2014",177150,114035,"Benton County, WA","05000US53005","benton-county-wa"
9,"Hispanic",2014,"2014",41423,7393.999999999999,"Skagit County, WA","05000US53057","skagit-county-wa"
7,"Two Or More",2014,"2014",46944,12484,"Grays Harbor County, WA","05000US53027","grays-harbor-county-wa"
1,"White",2014,"2014",51418,1655,"Spokane County, WA","05000US53063","spokane-county-wa"
8,"White Non-Hispanic",2014,"2014",63572,1849.0000000000002,"Clark County, WA","05000US53011","clark-county-wa"
0,"Total",2014,"2014",50177,6745.999999999999,"Chelan County, WA","05000US53007","chelan-county-wa"
9,"Hispanic",2014,"2014",54824,7393.999999999999,"Snohomish County, WA","05000US53061","snohomish-county-wa"
0,"Total",2014,"2014",60496,1535,"Pierce County, WA","05000US53053","pierce-county-wa"
1,"White",2014,"2014",72276,2153,"Snohomish County, WA","05000US53061","snohomish-county-wa"
3,"Native American",2014,"2014",45224,6396,"Yakima County, WA","05000US53077","yakima-county-wa"
9,"Hispanic",2014,"2014",52018,4133,"Spokane County, WA","05000US53063","spokane-county-wa"
0,"Total",2014,"2014",58093,2708,"Benton County, WA","05000US53005","benton-county-wa"
1,"White",2014,"2014",51310,3800,"Skagit County, WA","05000US53057","skagit-county-wa"
6,"Other",2014,"2014",46642,7129.000000000001,"Yakima County, WA","05000US53077","yakima-county-wa"
1,"White",2014,"2014",63065,2404,"Pierce County, WA","05000US53053","pierce-county-wa"
9,"Hispanic",2014,"2014",68101,15344,"Thurston County, WA","05000US53067","thurston-county-wa"
8,"White Non-Hispanic",2014,"2014",44503,3767.9999999999995,"Cowlitz County, WA","05000US53015","cowlitz-county-wa"
1,"White",2014,"2014",60334,3965.9999999999995,"Island County, WA","05000US53029","island-county-wa"
7,"Two Or More",2014,"2014",60112,29126.999999999996,"Island County, WA","05000US53029","island-county-wa"
0,"Total",2014,"2014",71984,1780,"Snohomish County, WA","05000US53061","snohomish-county-wa"
9,"Hispanic",2014,"2014",37671,19084,"Whatcom County, WA","05000US53073","whatcom-county-wa"
3,"Native American",2014,"2014",48279,26962.999999999996,"Whatcom County, WA","05000US53073","whatcom-county-wa"
1,"White",2014,"2014",45073,5536,"Lewis County, WA","05000US53041","lewis-county-wa"
0,"Total",2014,"2014",43356,2589,"Grays Harbor County, WA","05000US53027","grays-harbor-county-wa"
8,"White Non-Hispanic",2014,"2014",64852,14742.999999999998,"Franklin County, WA","05000US53021","franklin-county-wa"
9,"Hispanic",2014,"2014",35768,2717,"Yakima County, WA","05000US53077","yakima-county-wa"
4,"Asian",2014,"2014",63417,31204,"Whatcom County, WA","05000US53073","whatcom-county-wa"
1,"White",2014,"2014",63402,2960,"Kitsap County, WA","05000US53035","kitsap-county-wa"
8,"White Non-Hispanic",2014,"2014",51964,5229,"Grant County, WA","05000US53025","grant-county-wa"
6,"Other",2013,"2013",35128,4562,"Skagit County, WA","05000US53057","skagit-county-wa"
1,"White",2013,"2013",40923,2460,"Lewis County, WA","05000US53041","lewis-county-wa"
1,"White",2013,"2013",60710,1393,"Pierce County, WA","05000US53053","pierce-county-wa"
4,"Asian",2013,"2013",87734,29318,"Lewis County, WA","05000US53041","lewis-county-wa"
7,"Two Or More",2013,"2013",39445,15407,"Skagit County, WA","05000US53057","skagit-county-wa"
8,"White Non-Hispanic",2013,"2013",68643,2464,"Snohomish County, WA","05000US53061","snohomish-county-wa"
3,"Native American",2013,"2013",28663,15175,"Yakima County, WA","05000US53077","yakima-county-wa"
0,"Total",2013,"2013",52448,2335,"Skagit County, WA","05000US53057","skagit-county-wa"
6,"Other",2013,"2013",42190,15337,"Snohomish County, WA","05000US53061","snohomish-county-wa"
5,"Pacific Islander",2013,"2013",45375,22898,"Skagit County, WA","05000US53057","skagit-county-wa"
0,"Total",2013,"2013",56631,8836,"Franklin County, WA","05000US53021","franklin-county-wa"
8,"White Non-Hispanic",2013,"2013",49113,1709,"Spokane County, WA","05000US53063","spokane-county-wa"
3,"Native American",2013,"2013",41643,30576,"Clark County, WA","05000US53011","clark-county-wa"
7,"Two Or More",2013,"2013",63181,12001,"Snohomish County, WA","05000US53061","snohomish-county-wa"
1,"White",2013,"2013",48905,1744,"Spokane County, WA","05000US53063","spokane-county-wa"
4,"Asian",2013,"2013",49693,5214,"Pierce County, WA","05000US53053","pierce-county-wa"
1,"White",2013,"2013",58923,2363,"Clark County, WA","05000US53011","clark-county-wa"
8,"White Non-Hispanic",2013,"2013",61368,2435,"Thurston County, WA","05000US53067","thurston-county-wa"
2,"Black",2013,"2013",26948,8302,"Spokane County, WA","05000US53063","spokane-county-wa"
0,"Total",2013,"2013",71834,1072,"King County, WA","05000US53033","king-county-wa"
7,"Two Or More",2013,"2013",29706,13395,"Spokane County, WA","05000US53063","spokane-county-wa"
0,"Total",2013,"2013",59785,2603,"Thurston County, WA","05000US53067","thurston-county-wa"
5,"Pacific Islander",2013,"2013",16010,6572,"Spokane County, WA","05000US53063","spokane-county-wa"
8,"White Non-Hispanic",2013,"2013",53295,4954,"Whatcom County, WA","05000US53073","whatcom-county-wa"
6,"Other",2013,"2013",64808,48978,"Thurston County, WA","05000US53067","thurston-county-wa"
1,"White",2013,"2013",53374,4123,"Island County, WA","05000US53029","island-county-wa"
1,"White",2013,"2013",67624,2156,"Snohomish County, WA","05000US53061","snohomish-county-wa"
7,"Two Or More",2013,"2013",28895,9001,"Thurston County, WA","05000US53067","thurston-county-wa"
3,"Native American",2013,"2013",40402,20219,"Pierce County, WA","05000US53053","pierce-county-wa"
8,"White Non-Hispanic",2013,"2013",49203,3062,"Yakima County, WA","05000US53077","yakima-county-wa"
4,"Asian",2013,"2013",102269,41285,"Skagit County, WA","05000US53057","skagit-county-wa"
6,"Other",2013,"2013",47802,22418,"Whatcom County, WA","05000US53073","whatcom-county-wa"
1,"White",2013,"2013",49389,3453.9999999999995,"Cowlitz County, WA","05000US53015","cowlitz-county-wa"
3,"Native American",2013,"2013",23874,21319,"Cowlitz County, WA","05000US53015","cowlitz-county-wa"
2,"Black",2013,"2013",48718,43938,"Benton County, WA","05000US53005","benton-county-wa"
9,"Hispanic",2013,"2013",43747,4915,"Benton County, WA","05000US53005","benton-county-wa"
4,"Asian",2013,"2013",75789,10525,"Snohomish County, WA","05000US53061","snohomish-county-wa"
6,"Other",2013,"2013",44659,4902,"Benton County, WA","05000US53005","benton-county-wa"
6,"Other",2013,"2013",29739,3160,"Yakima County, WA","05000US53077","yakima-county-wa"
1,"White",2013,"2013",49327,4986,"Grant County, WA","05000US53025","grant-county-wa"
0,"Total",2013,"2013",48417,3560,"Cowlitz County, WA","05000US53015","cowlitz-county-wa"
9,"Hispanic",2013,"2013",41460,17260,"Chelan County, WA","05000US53007","chelan-county-wa"
7,"Two Or More",2013,"2013",31010,11258,"Yakima County, WA","05000US53077","yakima-county-wa"
1,"White",2013,"2013",51284,2907,"Chelan County, WA","05000US53007","chelan-county-wa"
4,"Asian",2013,"2013",58428,19656,"Clark County, WA","05000US53011","clark-county-wa"
1,"White",2013,"2013",64048,11486,"Franklin County, WA","05000US53021","franklin-county-wa"
0,"Total",2013,"2013",57660,1731,"Pierce County, WA","05000US53053","pierce-county-wa"
9,"Hispanic",2013,"2013",22814,9013,"Clallam County, WA","05000US53009","clallam-county-wa"
7,"Two Or More",2013,"2013",61454,30497,"Benton County, WA","05000US53005","benton-county-wa"
8,"White Non-Hispanic",2013,"2013",61385,2615,"Benton County, WA","05000US53005","benton-county-wa"
0,"Total",2013,"2013",41917,2075,"Yakima County, WA","05000US53077","yakima-county-wa"
6,"Other",2013,"2013",49991,24786,"Chelan County, WA","05000US53007","chelan-county-wa"
9,"Hispanic",2013,"2013",43511,5000,"Clark County, WA","05000US53011","clark-county-wa"
4,"Asian",2013,"2013",39283,7378,"Spokane County, WA","05000US53063","spokane-county-wa"
3,"Native American",2013,"2013",52909,14503.000000000002,"Skagit County, WA","05000US53057","skagit-county-wa"
0,"Total",2013,"2013",51893,3484,"Island County, WA","05000US53029","island-county-wa"
8,"White Non-Hispanic",2013,"2013",53339,4388,"Chelan County, WA","05000US53007","chelan-county-wa"
7,"Two Or More",2013,"2013",60365,47972,"Chelan County, WA","05000US53007","chelan-county-wa"
9,"Hispanic",2013,"2013",34155,32025,"Cowlitz County, WA","05000US53015","cowlitz-county-wa"
2,"Black",2013,"2013",60700,11902,"Thurston County, WA","05000US53067","thurston-county-wa"
7,"Two Or More",2013,"2013",35753,14363.000000000002,"Clallam County, WA","05000US53009","clallam-county-wa"
1,"White",2013,"2013",51956,4691,"Whatcom County, WA","05000US53073","whatcom-county-wa"
6,"Other",2013,"2013",35994,12770,"Clark County, WA","05000US53011","clark-county-wa"
8,"White Non-Hispanic",2013,"2013",48655,3417,"Clallam County, WA","05000US53009","clallam-county-wa"
9,"Hispanic",2013,"2013",33987,6642,"Franklin County, WA","05000US53021","franklin-county-wa"
1,"White",2013,"2013",53554,3154,"Skagit County, WA","05000US53057","skagit-county-wa"
4,"Asian",2013,"2013",36825,16507,"Cowlitz County, WA","05000US53015","cowlitz-county-wa"
4,"Asian",2013,"2013",62065,18464,"Thurston County, WA","05000US53067","thurston-county-wa"
7,"Two Or More",2013,"2013",41952,12705,"Clark County, WA","05000US53011","clark-county-wa"
0,"Total",2013,"2013",57588,2105,"Clark County, WA","05000US53011","clark-county-wa"
9,"Hispanic",2013,"2013",33963,6593,"Grant County, WA","05000US53025","grant-county-wa"
1,"White",2013,"2013",64175,3371,"Kitsap County, WA","05000US53035","kitsap-county-wa"
8,"White Non-Hispanic",2013,"2013",59648,2403,"Clark County, WA","05000US53011","clark-county-wa"
0,"Total",2013,"2013",47576,1817,"Spokane County, WA","05000US53063","spokane-county-wa"
6,"Other",2013,"2013",21150,15992,"Cowlitz County, WA","05000US53015","cowlitz-county-wa"
3,"Native American",2013,"2013",59491,11617,"Snohomish County, WA","05000US53061","snohomish-county-wa"
9,"Hispanic",2013,"2013",47327,20364,"Grays Harbor County, WA","05000US53027","grays-harbor-county-wa"
3,"Native American",2013,"2013",70852,48411,"Grays Harbor County, WA","05000US53027","grays-harbor-county-wa"
4,"Asian",2013,"2013",81080,9365,"Franklin County, WA","05000US53021","franklin-county-wa"
8,"White Non-Hispanic",2013,"2013",49468,3749.0000000000005,"Cowlitz County, WA","05000US53015","cowlitz-county-wa"
2,"Black",2013,"2013",50754,3848,"Pierce County, WA","05000US53053","pierce-county-wa"
4,"Asian",2013,"2013",58681,26148,"Whatcom County, WA","05000US53073","whatcom-county-wa"
9,"Hispanic",2013,"2013",53718,23785,"Island County, WA","05000US53029","island-county-wa"
6,"Other",2013,"2013",28407,11669,"Franklin County, WA","05000US53021","franklin-county-wa"
0,"Total",2013,"2013",40601,2373,"Lewis County, WA","05000US53041","lewis-county-wa"
2,"Black",2013,"2013",20050,13932,"Yakima County, WA","05000US53077","yakima-county-wa"
8,"White Non-Hispanic",2013,"2013",71215,5678,"Franklin County, WA","05000US53021","franklin-county-wa"
2,"Black",2013,"2013",130743,100358,"Grays Harbor County, WA","05000US53027","grays-harbor-county-wa"
9,"Hispanic",2013,"2013",48308,7250,"King County, WA","05000US53033","king-county-wa"
1,"White",2013,"2013",47909,3334,"Clallam County, WA","05000US53009","clallam-county-wa"
3,"Native American",2013,"2013",27220,26069,"Spokane County, WA","05000US53063","spokane-county-wa"
4,"Asian",2013,"2013",23333,22454,"Grays Harbor County, WA","05000US53027","grays-harbor-county-wa"
0,"Total",2013,"2013",41315,4597,"Grays Harbor County, WA","05000US53027","grays-harbor-county-wa"
8,"White Non-Hispanic",2013,"2013",53112,6145,"Grant County, WA","05000US53025","grant-county-wa"
9,"Hispanic",2013,"2013",45876,22593,"Kitsap County, WA","05000US53035","kitsap-county-wa"
6,"Other",2013,"2013",36711,17441,"Grant County, WA","05000US53025","grant-county-wa"
4,"Asian",2013,"2013",62698,33920,"Yakima County, WA","05000US53077","yakima-county-wa"
2,"Black",2013,"2013",27387,18756,"Island County, WA","05000US53029","island-county-wa"
3,"Native American",2013,"2013",48770,27773,"Island County, WA","05000US53029","island-county-wa"
0,"Total",2013,"2013",46566,3259,"Clallam County, WA","05000US53009","clallam-county-wa"
9,"Hispanic",2013,"2013",29729,24646,"Lewis County, WA","05000US53041","lewis-county-wa"
1,"White",2013,"2013",76560,1778.0000000000002,"King County, WA","05000US53033","king-county-wa"
8,"White Non-Hispanic",2013,"2013",41024,4697,"Grays Harbor County, WA","05000US53027","grays-harbor-county-wa"
4,"Asian",2013,"2013",50213,26814,"Island County, WA","05000US53029","island-county-wa"
6,"Other",2013,"2013",46726,27914,"Grays Harbor County, WA","05000US53027","grays-harbor-county-wa"
5,"Pacific Islander",2013,"2013",120973,90642,"Clark County, WA","05000US53011","clark-county-wa"
3,"Native American",2013,"2013",47267,32737,"Benton County, WA","05000US53005","benton-county-wa"
9,"Hispanic",2013,"2013",44402,5660,"Pierce County, WA","05000US53053","pierce-county-wa"
0,"Total",2013,"2013",67394,1735.0000000000002,"Snohomish County, WA","05000US53061","snohomish-county-wa"
8,"White Non-Hispanic",2013,"2013",52843,4220,"Island County, WA","05000US53029","island-county-wa"
6,"Other",2013,"2013",47472,12447,"King County, WA","05000US53033","king-county-wa"
2,"Black",2013,"2013",50580,34316,"Clark County, WA","05000US53011","clark-county-wa"
3,"Native American",2013,"2013",51406,13665.999999999998,"Thurston County, WA","05000US53067","thurston-county-wa"
9,"Hispanic",2013,"2013",40861,6544,"Skagit County, WA","05000US53057","skagit-county-wa"
0,"Total",2013,"2013",50186,4300,"Whatcom County, WA","05000US53073","whatcom-county-wa"
7,"Two Or More",2013,"2013",58239,9340,"King County, WA","05000US53033","king-county-wa"
8,"White Non-Hispanic",2013,"2013",78927,1942,"King County, WA","05000US53033","king-county-wa"
5,"Pacific Islander",2013,"2013",52733,6401,"King County, WA","05000US53033","king-county-wa"
1,"White",2013,"2013",60861,2523,"Thurston County, WA","05000US53067","thurston-county-wa"
9,"Hispanic",2013,"2013",53876,6223,"Snohomish County, WA","05000US53061","snohomish-county-wa"
6,"Other",2013,"2013",32146,25072,"Kitsap County, WA","05000US53035","kitsap-county-wa"
3,"Native American",2013,"2013",42060,6061,"King County, WA","05000US53033","king-county-wa"
4,"Asian",2013,"2013",75555,3590,"King County, WA","05000US53033","king-county-wa"
8,"White Non-Hispanic",2013,"2013",65118,3303,"Kitsap County, WA","05000US53035","kitsap-county-wa"
0,"Total",2013,"2013",51101,2605,"Chelan County, WA","05000US53007","chelan-county-wa"
9,"Hispanic",2013,"2013",41539,11505,"Spokane County, WA","05000US53063","spokane-county-wa"
7,"Two Or More",2013,"2013",60932,15520.000000000002,"Kitsap County, WA","05000US53035","kitsap-county-wa"
1,"White",2013,"2013",41338,4808,"Grays Harbor County, WA","05000US53027","grays-harbor-county-wa"
3,"Native American",2013,"2013",26000,12583,"Clallam County, WA","05000US53009","clallam-county-wa"
2,"Black",2013,"2013",55803,15205,"Snohomish County, WA","05000US53061","snohomish-county-wa"
0,"Total",2013,"2013",46728,4277,"Grant County, WA","05000US53025","grant-county-wa"
9,"Hispanic",2013,"2013",45293,20364,"Thurston County, WA","05000US53067","thurston-county-wa"
8,"White Non-Hispanic",2013,"2013",41122,2304,"Lewis County, WA","05000US53041","lewis-county-wa"
3,"Native American",2013,"2013",37378,8848,"Whatcom County, WA","05000US53073","whatcom-county-wa"
0,"Total",2013,"2013",62672,2671,"Kitsap County, WA","05000US53035","kitsap-county-wa"
7,"Two Or More",2013,"2013",33477,7034.999999999999,"Lewis County, WA","05000US53041","lewis-county-wa"
1,"White",2013,"2013",60814,2599,"Benton County, WA","05000US53005","benton-county-wa"
9,"Hispanic",2013,"2013",33739,4533,"Whatcom County, WA","05000US53073","whatcom-county-wa"
6,"Other",2013,"2013",36400,10005,"Pierce County, WA","05000US53053","pierce-county-wa"
4,"Asian",2013,"2013",76608,8917,"Kitsap County, WA","05000US53035","kitsap-county-wa"
8,"White Non-Hispanic",2013,"2013",61583,1433,"Pierce County, WA","05000US53053","pierce-county-wa"
2,"Black",2013,"2013",33955,3632.0000000000005,"King County, WA","05000US53033","king-county-wa"
1,"White",2013,"2013",45922,3188,"Yakima County, WA","05000US53077","yakima-county-wa"
9,"Hispanic",2013,"2013",35600,4845,"Yakima County, WA","05000US53077","yakima-county-wa"
5,"Pacific Islander",2013,"2013",53111,34720,"Pierce County, WA","05000US53053","pierce-county-wa"
7,"Two Or More",2013,"2013",53190,4198,"Pierce County, WA","05000US53053","pierce-county-wa"
3,"Native American",2013,"2013",22107,18033,"Kitsap County, WA","05000US53035","kitsap-county-wa"
8,"White Non-Hispanic",2013,"2013",54953,3569,"Skagit County, WA","05000US53057","skagit-county-wa"
0,"Total",2013,"2013",58997,2392,"Benton County, WA","05000US53005","benton-county-wa"